--
-- PostgreSQL database dump
--

-- Dumped from database version 16.9 (Ubuntu 16.9-0ubuntu0.24.04.1)
-- Dumped by pg_dump version 16.9 (Ubuntu 16.9-0ubuntu0.24.04.1)

SET statement_timeout = 0;
SET lock_timeout = 0;
SET idle_in_transaction_session_timeout = 0;
SET client_encoding = 'UTF8';
SET standard_conforming_strings = on;
SELECT pg_catalog.set_config('search_path', '', false);
SET check_function_bodies = false;
SET xmloption = content;
SET client_min_messages = warning;
SET row_security = off;

SET default_tablespace = '';

SET default_table_access_method = heap;

--
-- Name: auth_group; Type: TABLE; Schema: public; Owner: pinterest
--

CREATE TABLE public.auth_group (
    id integer NOT NULL,
    name character varying(150) NOT NULL
);


ALTER TABLE public.auth_group OWNER TO pinterest;

--
-- Name: auth_group_id_seq; Type: SEQUENCE; Schema: public; Owner: pinterest
--

ALTER TABLE public.auth_group ALTER COLUMN id ADD GENERATED BY DEFAULT AS IDENTITY (
    SEQUENCE NAME public.auth_group_id_seq
    START WITH 1
    INCREMENT BY 1
    NO MINVALUE
    NO MAXVALUE
    CACHE 1
);


--
-- Name: auth_group_permissions; Type: TABLE; Schema: public; Owner: pinterest
--

CREATE TABLE public.auth_group_permissions (
    id bigint NOT NULL,
    group_id integer NOT NULL,
    permission_id integer NOT NULL
);


ALTER TABLE public.auth_group_permissions OWNER TO pinterest;

--
-- Name: auth_group_permissions_id_seq; Type: SEQUENCE; Schema: public; Owner: pinterest
--

ALTER TABLE public.auth_group_permissions ALTER COLUMN id ADD GENERATED BY DEFAULT AS IDENTITY (
    SEQUENCE NAME public.auth_group_permissions_id_seq
    START WITH 1
    INCREMENT BY 1
    NO MINVALUE
    NO MAXVALUE
    CACHE 1
);


--
-- Name: auth_permission; Type: TABLE; Schema: public; Owner: pinterest
--

CREATE TABLE public.auth_permission (
    id integer NOT NULL,
    name character varying(255) NOT NULL,
    content_type_id integer NOT NULL,
    codename character varying(100) NOT NULL
);


ALTER TABLE public.auth_permission OWNER TO pinterest;

--
-- Name: auth_permission_id_seq; Type: SEQUENCE; Schema: public; Owner: pinterest
--

ALTER TABLE public.auth_permission ALTER COLUMN id ADD GENERATED BY DEFAULT AS IDENTITY (
    SEQUENCE NAME public.auth_permission_id_seq
    START WITH 1
    INCREMENT BY 1
    NO MINVALUE
    NO MAXVALUE
    CACHE 1
);


--
-- Name: auth_user; Type: TABLE; Schema: public; Owner: pinterest
--

CREATE TABLE public.auth_user (
    id integer NOT NULL,
    password character varying(128) NOT NULL,
    last_login timestamp with time zone,
    is_superuser boolean NOT NULL,
    username character varying(150) NOT NULL,
    first_name character varying(150) NOT NULL,
    last_name character varying(150) NOT NULL,
    email character varying(254) NOT NULL,
    is_staff boolean NOT NULL,
    is_active boolean NOT NULL,
    date_joined timestamp with time zone NOT NULL
);


ALTER TABLE public.auth_user OWNER TO pinterest;

--
-- Name: auth_user_groups; Type: TABLE; Schema: public; Owner: pinterest
--

CREATE TABLE public.auth_user_groups (
    id bigint NOT NULL,
    user_id integer NOT NULL,
    group_id integer NOT NULL
);


ALTER TABLE public.auth_user_groups OWNER TO pinterest;

--
-- Name: auth_user_groups_id_seq; Type: SEQUENCE; Schema: public; Owner: pinterest
--

ALTER TABLE public.auth_user_groups ALTER COLUMN id ADD GENERATED BY DEFAULT AS IDENTITY (
    SEQUENCE NAME public.auth_user_groups_id_seq
    START WITH 1
    INCREMENT BY 1
    NO MINVALUE
    NO MAXVALUE
    CACHE 1
);


--
-- Name: auth_user_id_seq; Type: SEQUENCE; Schema: public; Owner: pinterest
--

ALTER TABLE public.auth_user ALTER COLUMN id ADD GENERATED BY DEFAULT AS IDENTITY (
    SEQUENCE NAME public.auth_user_id_seq
    START WITH 1
    INCREMENT BY 1
    NO MINVALUE
    NO MAXVALUE
    CACHE 1
);


--
-- Name: auth_user_user_permissions; Type: TABLE; Schema: public; Owner: pinterest
--

CREATE TABLE public.auth_user_user_permissions (
    id bigint NOT NULL,
    user_id integer NOT NULL,
    permission_id integer NOT NULL
);


ALTER TABLE public.auth_user_user_permissions OWNER TO pinterest;

--
-- Name: auth_user_user_permissions_id_seq; Type: SEQUENCE; Schema: public; Owner: pinterest
--

ALTER TABLE public.auth_user_user_permissions ALTER COLUMN id ADD GENERATED BY DEFAULT AS IDENTITY (
    SEQUENCE NAME public.auth_user_user_permissions_id_seq
    START WITH 1
    INCREMENT BY 1
    NO MINVALUE
    NO MAXVALUE
    CACHE 1
);


--
-- Name: django_admin_log; Type: TABLE; Schema: public; Owner: pinterest
--

CREATE TABLE public.django_admin_log (
    id integer NOT NULL,
    action_time timestamp with time zone NOT NULL,
    object_id text,
    object_repr character varying(200) NOT NULL,
    action_flag smallint NOT NULL,
    change_message text NOT NULL,
    content_type_id integer,
    user_id integer NOT NULL,
    CONSTRAINT django_admin_log_action_flag_check CHECK ((action_flag >= 0))
);


ALTER TABLE public.django_admin_log OWNER TO pinterest;

--
-- Name: django_admin_log_id_seq; Type: SEQUENCE; Schema: public; Owner: pinterest
--

ALTER TABLE public.django_admin_log ALTER COLUMN id ADD GENERATED BY DEFAULT AS IDENTITY (
    SEQUENCE NAME public.django_admin_log_id_seq
    START WITH 1
    INCREMENT BY 1
    NO MINVALUE
    NO MAXVALUE
    CACHE 1
);


--
-- Name: django_content_type; Type: TABLE; Schema: public; Owner: pinterest
--

CREATE TABLE public.django_content_type (
    id integer NOT NULL,
    app_label character varying(100) NOT NULL,
    model character varying(100) NOT NULL
);


ALTER TABLE public.django_content_type OWNER TO pinterest;

--
-- Name: django_content_type_id_seq; Type: SEQUENCE; Schema: public; Owner: pinterest
--

ALTER TABLE public.django_content_type ALTER COLUMN id ADD GENERATED BY DEFAULT AS IDENTITY (
    SEQUENCE NAME public.django_content_type_id_seq
    START WITH 1
    INCREMENT BY 1
    NO MINVALUE
    NO MAXVALUE
    CACHE 1
);


--
-- Name: django_migrations; Type: TABLE; Schema: public; Owner: pinterest
--

CREATE TABLE public.django_migrations (
    id bigint NOT NULL,
    app character varying(255) NOT NULL,
    name character varying(255) NOT NULL,
    applied timestamp with time zone NOT NULL
);


ALTER TABLE public.django_migrations OWNER TO pinterest;

--
-- Name: django_migrations_id_seq; Type: SEQUENCE; Schema: public; Owner: pinterest
--

ALTER TABLE public.django_migrations ALTER COLUMN id ADD GENERATED BY DEFAULT AS IDENTITY (
    SEQUENCE NAME public.django_migrations_id_seq
    START WITH 1
    INCREMENT BY 1
    NO MINVALUE
    NO MAXVALUE
    CACHE 1
);


--
-- Name: django_session; Type: TABLE; Schema: public; Owner: pinterest
--

CREATE TABLE public.django_session (
    session_key character varying(40) NOT NULL,
    session_data text NOT NULL,
    expire_date timestamp with time zone NOT NULL
);


ALTER TABLE public.django_session OWNER TO pinterest;

--
-- Name: myPinterest_comments; Type: TABLE; Schema: public; Owner: pinterest
--

CREATE TABLE public."myPinterest_comments" (
    id bigint NOT NULL,
    text text NOT NULL,
    pin_id bigint NOT NULL,
    user_id integer NOT NULL
);


ALTER TABLE public."myPinterest_comments" OWNER TO pinterest;

--
-- Name: myPinterest_comments_id_seq; Type: SEQUENCE; Schema: public; Owner: pinterest
--

ALTER TABLE public."myPinterest_comments" ALTER COLUMN id ADD GENERATED BY DEFAULT AS IDENTITY (
    SEQUENCE NAME public."myPinterest_comments_id_seq"
    START WITH 1
    INCREMENT BY 1
    NO MINVALUE
    NO MAXVALUE
    CACHE 1
);


--
-- Name: myPinterest_likes; Type: TABLE; Schema: public; Owner: pinterest
--

CREATE TABLE public."myPinterest_likes" (
    id bigint NOT NULL,
    pin_id bigint NOT NULL,
    user_id integer NOT NULL
);


ALTER TABLE public."myPinterest_likes" OWNER TO pinterest;

--
-- Name: myPinterest_likes_id_seq; Type: SEQUENCE; Schema: public; Owner: pinterest
--

ALTER TABLE public."myPinterest_likes" ALTER COLUMN id ADD GENERATED BY DEFAULT AS IDENTITY (
    SEQUENCE NAME public."myPinterest_likes_id_seq"
    START WITH 1
    INCREMENT BY 1
    NO MINVALUE
    NO MAXVALUE
    CACHE 1
);


--
-- Name: myPinterest_pin; Type: TABLE; Schema: public; Owner: pinterest
--

CREATE TABLE public."myPinterest_pin" (
    id bigint NOT NULL,
    title character varying(255) NOT NULL,
    image_url character varying(200) NOT NULL,
    category character varying(100) NOT NULL,
    created_at timestamp with time zone NOT NULL,
    uploaded_by_id integer NOT NULL
);


ALTER TABLE public."myPinterest_pin" OWNER TO pinterest;

--
-- Name: myPinterest_pin_id_seq; Type: SEQUENCE; Schema: public; Owner: pinterest
--

ALTER TABLE public."myPinterest_pin" ALTER COLUMN id ADD GENERATED BY DEFAULT AS IDENTITY (
    SEQUENCE NAME public."myPinterest_pin_id_seq"
    START WITH 1
    INCREMENT BY 1
    NO MINVALUE
    NO MAXVALUE
    CACHE 1
);


--
-- Name: myPinterest_savedpin; Type: TABLE; Schema: public; Owner: pinterest
--

CREATE TABLE public."myPinterest_savedpin" (
    id bigint NOT NULL,
    pin_id bigint NOT NULL,
    user_id integer NOT NULL
);


ALTER TABLE public."myPinterest_savedpin" OWNER TO pinterest;

--
-- Name: myPinterest_savedpin_id_seq; Type: SEQUENCE; Schema: public; Owner: pinterest
--

ALTER TABLE public."myPinterest_savedpin" ALTER COLUMN id ADD GENERATED BY DEFAULT AS IDENTITY (
    SEQUENCE NAME public."myPinterest_savedpin_id_seq"
    START WITH 1
    INCREMENT BY 1
    NO MINVALUE
    NO MAXVALUE
    CACHE 1
);


--
-- Data for Name: auth_group; Type: TABLE DATA; Schema: public; Owner: pinterest
--

COPY public.auth_group (id, name) FROM stdin;
\.


--
-- Data for Name: auth_group_permissions; Type: TABLE DATA; Schema: public; Owner: pinterest
--

COPY public.auth_group_permissions (id, group_id, permission_id) FROM stdin;
\.


--
-- Data for Name: auth_permission; Type: TABLE DATA; Schema: public; Owner: pinterest
--

COPY public.auth_permission (id, name, content_type_id, codename) FROM stdin;
1	Can add log entry	1	add_logentry
2	Can change log entry	1	change_logentry
3	Can delete log entry	1	delete_logentry
4	Can view log entry	1	view_logentry
5	Can add permission	2	add_permission
6	Can change permission	2	change_permission
7	Can delete permission	2	delete_permission
8	Can view permission	2	view_permission
9	Can add group	3	add_group
10	Can change group	3	change_group
11	Can delete group	3	delete_group
12	Can view group	3	view_group
13	Can add user	4	add_user
14	Can change user	4	change_user
15	Can delete user	4	delete_user
16	Can view user	4	view_user
17	Can add content type	5	add_contenttype
18	Can change content type	5	change_contenttype
19	Can delete content type	5	delete_contenttype
20	Can view content type	5	view_contenttype
21	Can add session	6	add_session
22	Can change session	6	change_session
23	Can delete session	6	delete_session
24	Can view session	6	view_session
25	Can add pin	7	add_pin
26	Can change pin	7	change_pin
27	Can delete pin	7	delete_pin
28	Can view pin	7	view_pin
29	Can add saved pin	8	add_savedpin
30	Can change saved pin	8	change_savedpin
31	Can delete saved pin	8	delete_savedpin
32	Can view saved pin	8	view_savedpin
33	Can add like	9	add_like
34	Can change like	9	change_like
35	Can delete like	9	delete_like
36	Can view like	9	view_like
37	Can add likes	10	add_likes
38	Can change likes	10	change_likes
39	Can delete likes	10	delete_likes
40	Can view likes	10	view_likes
41	Can add comments	11	add_comments
42	Can change comments	11	change_comments
43	Can delete comments	11	delete_comments
44	Can view comments	11	view_comments
\.


--
-- Data for Name: auth_user; Type: TABLE DATA; Schema: public; Owner: pinterest
--

COPY public.auth_user (id, password, last_login, is_superuser, username, first_name, last_name, email, is_staff, is_active, date_joined) FROM stdin;
9	pbkdf2_sha256$1000000$oEOHDLRkuVgTyeIv5Ngv2n$p8tspHBq2LSbOgOiNLQbHlsjZZs31G+/Xw+2fWmPfVE=	2025-07-17 07:21:04.859882+00	f	yuva@gmail.com			yuva@gmail.com	f	t	2025-07-14 05:47:34.064855+00
11	pbkdf2_sha256$1000000$drMWkGVyBOp9QjNgAxcPhd$iH16F7jrZB0Uk6HgQsJFRYigJIk8RLqTAI87ThayJAo=	2025-07-17 08:25:58.841256+00	f	navya@gmail.com			navya@gmail.com	f	t	2025-07-14 08:24:37.005892+00
19	pbkdf2_sha256$1000000$rO9KVgKjM1C0EwuI4ktpF3$zBdoiT+6hsUdyE63aywR7QG6q0wPKb0u2PJVDlWe+BQ=	2025-07-15 05:55:34.876787+00	f	santu123@gmail.com			santu123@gmail.com	f	t	2025-07-15 05:55:24.731421+00
17	pbkdf2_sha256$1000000$0fUNFmdJEf2OqD2mbms6KI$+qBEJvS4SpaJzswBCurEt1i2aqygyfe7oA+6UqYFuBg=	2025-07-17 08:32:54.652157+00	f	sivaganeshgogula@gmail.com			sivaganeshgogula@gmail.com	f	t	2025-07-14 16:03:40.997764+00
16	pbkdf2_sha256$1000000$SzDDDeYKG3etiYVqAdhGLH$YTcKFa4rsCWCHueb8hAbuxH5lyoIndyKWWN+wmlSf7I=	2025-07-17 08:54:52.13303+00	t	ravikiran			ravikiran@gmail.com	t	t	2025-07-14 10:52:00.454854+00
1	pbkdf2_sha256$1000000$9YCzcfEPKyXHWUejMHG3i4$OuNE3ByzJ6Gwl7amupF/2RQ5h+MFGiPqO82Yyq0bX48=	2025-07-17 09:23:53.314635+00	f	mountblue@gmail.com			mountblue@gmail.com	f	t	2025-07-11 04:43:47.745394+00
14	pbkdf2_sha256$1000000$0BdybkqOIoCoAs5lU1qjM5$qJR38ckpyCxKJlizp6bybjiVgsHVhnPaYUjGthtW78s=	2025-07-17 09:28:41.369596+00	f	ravikiran123223@gmail.com			ravikiran123223@gmail.com	f	t	2025-07-14 08:39:46.637048+00
2	pbkdf2_sha256$1000000$mNIVFKKa7AE9PuT7GLA9EQ$6igO5Ds0oIhAOJ8bjf92N+hDI1wj069w2Mshsi7+6OQ=	2025-07-17 09:31:43.656093+00	f	abhi@gmail.com			abhi@gmail.com	f	t	2025-07-11 04:49:13.984692+00
7	pbkdf2_sha256$1000000$LDzNsofCHZNmuTFoTK2IHV$y4J1l8yRgPPkhE9DKMju50mbU+LSYg7zQ4aTb3Avqzo=	\N	f	ravikiran@123445			ravikiran@123445	f	t	2025-07-13 16:22:33.769627+00
15	pbkdf2_sha256$1000000$nYdd1O2SGqonviMfWa20S3$j1EnTf/hZkqsCWHDqSolhNOQ1zZkEtEDKFFbMAAZQdI=	2025-07-16 10:47:37.212725+00	f	eswar191037@gmail.com			eswar191037@gmail.com	f	t	2025-07-14 09:36:08.382995+00
10	pbkdf2_sha256$1000000$xNM5OpRqnknbK4oUIU8bIG$L16NCPmATqyYS0D5o9oyeKccx1mN46wiZ+nrq54TQbk=	\N	f	dornalanavya@gmail.com			dornalanavya@gmail.com	f	t	2025-07-14 08:24:16.694098+00
23	pbkdf2_sha256$1000000$MDTXv8BqUEAVz19a1Bo3WY$deetYDZE1ke65dROOLVUOtlMZNPc3XP58eMOWAjfgCE=	2025-07-17 06:12:01.464394+00	f	amrutha@gmail.com			amrutha@gmail.com	f	t	2025-07-17 06:11:49.181471+00
5	pbkdf2_sha256$1000000$ITYCxKPNztTvd1BdXT0mHE$lP4yUW5HGu8A5Sj9fxftoB5dhmI7Oi61O88C+tqpaiM=	2025-07-12 07:34:10.115047+00	f	ganesh@gmail.com			ganesh@gmail.com	f	t	2025-07-12 07:34:02.655207+00
12	pbkdf2_sha256$1000000$jzeg5D3stHqsCfHBS2LE0w$MK4WIVR7tGFztspXdYZ+ZXGwkn4LGPmTRYUHCMzxNPY=	\N	f	abhishek961838@gmail.com			abhishek961838@gmail.com	f	t	2025-07-14 08:37:10.77175+00
4	pbkdf2_sha256$1000000$QjCtKHP8dt6v5DEEctJCTa$SBCvpFcIKRpI3SNEcIplJIe187qa9V6dPleqRYNPz4Y=	2025-07-12 08:25:59.572943+00	t	ravi			ravi@gmail.com	t	t	2025-07-12 06:37:58.346386+00
13	pbkdf2_sha256$1000000$rnzNoTg0mUBVuyJinBeXrk$2sbDFc3YlD5LfFsNj+XfGuyEOWL7kdBZLv6Eb1ZtwaA=	\N	f	asdfghjkl@gmail.com			asdfghjkl@gmail.com	f	t	2025-07-14 08:37:24.288225+00
20	pbkdf2_sha256$1000000$5USrIDZ9THbch9s5N4qMvM$oveK1UIkyGC3UXmcVn6CXY0hdTEAVzzvev+Y+lyOlRU=	2025-07-16 06:31:12.57056+00	f	laxman@gmail.com			laxman@gmail.com	f	t	2025-07-16 06:31:02.912717+00
8	pbkdf2_sha256$1000000$kch2Eb3TJ5ZAH6DalJ2ve0$QoayETIhusB0y+YHJrp6BI2OlW2aE7+BpA6I6so56BE=	\N	f	bhaskar12@gmail.com			bhaskar12@gmail.com	f	t	2025-07-14 04:27:23.806428+00
22	pbkdf2_sha256$1000000$206aYLX8pWlk6LXbex5YTz$UQ3H0bpqvZbMzYr6ClRbQOezahhKJmKoCAxLkwkhSuE=	2025-07-17 07:04:31.343012+00	f	amruthakoppisetti6@gmail.com			amruthakoppisetti6@gmail.com	f	t	2025-07-17 06:00:21.925611+00
18	pbkdf2_sha256$1000000$hn9Xgnw1LgGmdcOnaY6Zry$uGdbRDSex6+d/BOYtjFAS1zy9Jw1iniEKs3dpvemX5s=	2025-07-15 04:23:53.284304+00	f	jeenubhaskar@gmail.com			jeenubhaskar@gmail.com	f	t	2025-07-15 04:19:41.467404+00
6	pbkdf2_sha256$1000000$rANWBHBl63LaMXworSAv9k$/vDHffATolpCycZM0N6GRPkVfhgVCnay6tWNHb15O9M=	2025-07-17 07:15:57.078959+00	f	greshma@gmail.com			greshma@gmail.com	f	t	2025-07-12 13:07:58.958197+00
3	pbkdf2_sha256$1000000$ExavqO9KSjisUkRlAAJ0F9$dwURr6qDLMe1hl6gyt3uPt/iLI9jp2KI7u3gkvSBgL0=	2025-07-17 07:18:06.877847+00	f	bhaskar@gmail.com			bhaskar@gmail.com	f	t	2025-07-11 13:24:53.634401+00
21	pbkdf2_sha256$1000000$V6UmtjfPvlsOARuBPX7jWu$yXHti5iq+p0PMjJT7cXn1ONMDru4I9u2dkKs7Dogu+o=	2025-07-16 06:41:00.267405+00	f	narasimha@gmail.com			narasimha@gmail.com	f	t	2025-07-16 06:40:51.458493+00
\.


--
-- Data for Name: auth_user_groups; Type: TABLE DATA; Schema: public; Owner: pinterest
--

COPY public.auth_user_groups (id, user_id, group_id) FROM stdin;
\.


--
-- Data for Name: auth_user_user_permissions; Type: TABLE DATA; Schema: public; Owner: pinterest
--

COPY public.auth_user_user_permissions (id, user_id, permission_id) FROM stdin;
\.


--
-- Data for Name: django_admin_log; Type: TABLE DATA; Schema: public; Owner: pinterest
--

COPY public.django_admin_log (id, action_time, object_id, object_repr, action_flag, change_message, content_type_id, user_id) FROM stdin;
1	2025-07-15 08:40:01.077156+00	96	SavedPin object (96)	2	[]	8	16
2	2025-07-15 09:07:57.52064+00	1	Likes object (1)	2	[]	10	16
3	2025-07-15 09:53:25.830958+00	40	Likes object (40)	2	[{"changed": {"fields": ["Pin"]}}]	10	16
4	2025-07-15 10:11:58.041437+00	63	Likes object (63)	2	[]	10	16
5	2025-07-16 06:37:56.696711+00	14	Comments object (14)	3		11	16
6	2025-07-16 06:38:01.294629+00	13	Comments object (13)	3		11	16
7	2025-07-16 06:38:06.995258+00	12	Comments object (12)	3		11	16
8	2025-07-16 07:11:51.350389+00	23	Comments object (23)	3		11	16
9	2025-07-17 08:55:08.361551+00	1443	Pin object (1443)	3		7	16
\.


--
-- Data for Name: django_content_type; Type: TABLE DATA; Schema: public; Owner: pinterest
--

COPY public.django_content_type (id, app_label, model) FROM stdin;
1	admin	logentry
2	auth	permission
3	auth	group
4	auth	user
5	contenttypes	contenttype
6	sessions	session
7	myPinterest	pin
8	myPinterest	savedpin
9	myPinterest	like
10	myPinterest	likes
11	myPinterest	comments
\.


--
-- Data for Name: django_migrations; Type: TABLE DATA; Schema: public; Owner: pinterest
--

COPY public.django_migrations (id, app, name, applied) FROM stdin;
1	contenttypes	0001_initial	2025-07-11 04:42:42.824992+00
2	auth	0001_initial	2025-07-11 04:42:42.855701+00
3	admin	0001_initial	2025-07-11 04:42:42.865129+00
4	admin	0002_logentry_remove_auto_add	2025-07-11 04:42:42.868848+00
5	admin	0003_logentry_add_action_flag_choices	2025-07-11 04:42:42.873377+00
6	contenttypes	0002_remove_content_type_name	2025-07-11 04:42:42.893472+00
7	auth	0002_alter_permission_name_max_length	2025-07-11 04:42:42.897501+00
8	auth	0003_alter_user_email_max_length	2025-07-11 04:42:42.901312+00
9	auth	0004_alter_user_username_opts	2025-07-11 04:42:42.90531+00
10	auth	0005_alter_user_last_login_null	2025-07-11 04:42:42.909294+00
11	auth	0006_require_contenttypes_0002	2025-07-11 04:42:42.909964+00
12	auth	0007_alter_validators_add_error_messages	2025-07-11 04:42:42.91338+00
13	auth	0008_alter_user_username_max_length	2025-07-11 04:42:42.918861+00
14	auth	0009_alter_user_last_name_max_length	2025-07-11 04:42:42.924329+00
15	auth	0010_alter_group_name_max_length	2025-07-11 04:42:42.92866+00
16	auth	0011_update_proxy_permissions	2025-07-11 04:42:42.931948+00
17	auth	0012_alter_user_first_name_max_length	2025-07-11 04:42:42.935566+00
18	sessions	0001_initial	2025-07-11 04:42:42.941287+00
19	myPinterest	0001_initial	2025-07-11 07:07:58.106836+00
20	myPinterest	0002_savedpin	2025-07-14 10:36:00.574309+00
21	myPinterest	0003_like	2025-07-15 06:49:44.044909+00
22	myPinterest	0004_likes_delete_like	2025-07-15 08:58:37.445053+00
23	myPinterest	0005_remove_likes_likes_count	2025-07-15 09:29:02.643466+00
24	myPinterest	0006_comments	2025-07-16 05:40:28.07781+00
\.


--
-- Data for Name: django_session; Type: TABLE DATA; Schema: public; Owner: pinterest
--

COPY public.django_session (session_key, session_data, expire_date) FROM stdin;
\.


--
-- Data for Name: myPinterest_comments; Type: TABLE DATA; Schema: public; Owner: pinterest
--

COPY public."myPinterest_comments" (id, text, pin_id, user_id) FROM stdin;
1	hi	1218	14
2	cute rabbit	1215	16
3	hi	1215	15
4	cute dog	1206	14
5	My Favourite car 🤑	1120	14
6	wow	1123	14
7	Fly better	1110	14
8	hi	1182	14
9	hello	1182	14
10	Well played !	1205	15
11	I Love Rohit Sharma	1205	14
15	hi	1233	20
16	Jai Hind	1193	14
17	Yummy	1096	21
18	Jai Ganesha!!!	1147	21
19	Mercedes	1118	14
20	Fly better	1167	14
21	NTR	1209	14
22	It's Me 😁🦁	1208	14
24	Elephants !!!	1220	14
25	Ohm namashivaya 	1143	14
26	wow 	1270	14
27	Yummy	1103	14
28	Dosaa😋😋😋	1097	14
29	Fly better	1274	16
30	i love shark	1360	14
31	Jai Hanuman 	1146	14
32	Amen	1151	14
33	Amazing	1128	14
34	Beautiful	1386	15
35	Expensive One	1120	15
36	Jai Hind Jai Bharat	1193	15
37	beautiful	1216	15
38	NTR	1211	15
39	Picture Perfect	1218	15
40	Looks amazing	1337	14
41	Expensive	1337	14
42	Beautiful	1353	14
43	Look good	1346	14
44	Jai ganesha	1142	14
45	Fly Higher	1307	14
46	Beautiful Fish	1358	14
47	Beautiful	1372	3
48	Beautiful	1373	3
49	Beautiful	1436	14
50	hello	1436	14
51	yummy	1102	22
52	jai Hanuman	1146	23
53	Beautiful	1112	1
54	Beautiful	1124	3
55	Added by Me	1437	3
56	Beautiful	1270	9
57	added by me	1438	9
58	jai Hanuman	1146	11
59	Beautiful	1341	17
60	Looks Awesome	1341	1
61	Yummy	1324	14
\.


--
-- Data for Name: myPinterest_likes; Type: TABLE DATA; Schema: public; Owner: pinterest
--

COPY public."myPinterest_likes" (id, pin_id, user_id) FROM stdin;
139	1240	14
2	1258	2
1	1258	14
5	1194	16
15	1194	14
16	1194	15
31	1100	14
37	1142	2
38	1146	2
39	1098	14
40	1245	14
41	1146	16
42	1215	16
43	1222	16
44	1217	16
45	1216	16
46	1214	16
47	1219	16
48	1246	16
49	1231	16
51	1231	9
53	1231	14
54	1211	14
55	1226	14
56	1143	14
57	1145	14
58	1206	14
59	1209	14
60	1210	14
61	1102	14
62	1110	14
64	1180	14
65	1170	14
66	1168	14
67	1172	14
68	1167	14
69	1171	14
70	1168	2
63	1114	14
71	1218	1
72	1208	1
74	1142	1
75	1152	1
76	1151	1
77	1209	1
79	1148	1
80	1241	6
81	1238	6
82	1239	6
83	1233	14
84	1236	14
85	1141	14
86	1153	14
87	1161	1
88	1111	1
89	1149	1
90	1194	1
91	1122	15
92	1120	15
93	1119	15
94	1254	15
95	1193	15
96	1099	1
97	1103	1
98	1104	1
99	1259	1
100	1251	1
101	1146	1
102	1147	14
105	1194	17
108	1270	17
109	1146	17
110	1254	14
111	1255	14
112	1152	14
113	1104	14
114	1182	14
115	1147	1
116	1143	1
119	1201	1
120	1096	1
121	1223	14
122	1219	14
123	1218	14
124	1207	15
125	1123	14
127	1233	9
130	1146	20
133	1233	20
134	1193	14
137	1096	21
138	1147	21
140	1096	14
141	1208	14
142	1207	14
143	1124	16
144	1147	16
145	1112	14
146	1220	14
147	1182	2
148	1270	14
149	1103	14
150	1273	16
151	1274	16
152	1141	15
153	1337	14
154	1381	14
155	1353	14
156	1357	14
157	1338	14
158	1125	14
159	1289	14
163	1146	14
164	1142	14
165	1307	14
166	1259	14
167	1387	14
168	1134	14
169	1364	14
170	1358	14
172	1348	14
174	1372	3
175	1373	14
176	1284	14
178	1305	14
179	1436	14
180	1408	14
181	1339	14
182	1223	22
183	1102	22
184	1146	23
185	1150	23
186	1148	23
187	1351	23
188	1343	14
189	1317	14
190	1417	22
191	1124	3
192	1125	3
193	1437	3
194	1270	9
195	1438	9
196	1146	11
197	1439	11
198	1341	17
199	1353	17
200	1440	17
201	1369	17
202	1377	14
203	1425	14
204	1454	16
205	1449	16
206	1143	16
207	1277	1
208	1324	14
209	1170	2
\.


--
-- Data for Name: myPinterest_pin; Type: TABLE DATA; Schema: public; Owner: pinterest
--

COPY public."myPinterest_pin" (id, title, image_url, category, created_at, uploaded_by_id) FROM stdin;
1273	background image	https://images.unsplash.com/photo-1752040032392-6a0376fb312f?w=500&auto=format&fit=crop&q=60&ixlib=rb-4.1.0&ixid=M3wxMjA3fDB8MHx0b3BpYy1mZWVkfDZ8Ym84alFLVGFFMFl8fGVufDB8fHx8fA%3D%3D	background	2025-07-16 09:33:48.657717+00	14
1277	god	https://images.unsplash.com/photo-1615438890269-65b569062819?w=500&auto=format&fit=crop&q=60&ixlib=rb-4.1.0&ixid=M3wxMjA3fDB8MHxzZWFyY2h8MTl8fGhpbmR1JTIwZ29kfGVufDB8fDB8fHww	God	2025-07-16 09:51:50.08713+00	16
1281	god	https://images.unsplash.com/photo-1666170263248-cabc8e2fd198?w=500&auto=format&fit=crop&q=60&ixlib=rb-4.1.0&ixid=M3wxMjA3fDB8MHxzZWFyY2h8MTEzfHxoaW5kdSUyMGdvZHxlbnwwfHwwfHx8MA%3D%3D	God	2025-07-16 09:56:11.916535+00	16
1285	god	https://plus.unsplash.com/premium_photo-1674898514614-68181c309330?w=500&auto=format&fit=crop&q=60&ixlib=rb-4.1.0&ixid=M3wxMjA3fDB8MHxzZWFyY2h8MjA3fHxoaW5kdSUyMGdvZHxlbnwwfHwwfHx8MA%3D%3D	God	2025-07-16 09:59:34.274645+00	14
1289	flight	https://plus.unsplash.com/premium_photo-1677429922752-c520ce9a6377?w=500&auto=format&fit=crop&q=60&ixlib=rb-4.1.0&ixid=M3wxMjA3fDB8MHxzZWFyY2h8MTIxfHxmbGlnaHRzfGVufDB8fDB8fHww	Flights	2025-07-16 10:02:54.20416+00	14
1293	flight	https://images.unsplash.com/photo-1554137496-a7b5bf064531?w=500&auto=format&fit=crop&q=60&ixlib=rb-4.1.0&ixid=M3wxMjA3fDB8MHxzZWFyY2h8MTUxfHxmbGlnaHRzfGVufDB8fDB8fHww	Flights	2025-07-16 10:03:51.302365+00	14
1297	flight	https://images.unsplash.com/photo-1700692883604-e0cfbf3b71d7?w=500&auto=format&fit=crop&q=60&ixlib=rb-4.1.0&ixid=M3wxMjA3fDB8MHxzZWFyY2h8MjYwfHxmbGlnaHRzfGVufDB8fDB8fHww	Flights	2025-07-16 10:05:48.246508+00	14
1301	flight	https://images.unsplash.com/photo-1708100319499-75dca2403999?w=500&auto=format&fit=crop&q=60&ixlib=rb-4.1.0&ixid=M3wxMjA3fDB8MHxzZWFyY2h8MjkxfHxmbGlnaHRzfGVufDB8fDB8fHww	Flights	2025-07-16 10:06:44.11793+00	14
1305	flight	https://images.unsplash.com/photo-1652520132105-628ab1ab11a5?w=500&auto=format&fit=crop&q=60&ixlib=rb-4.1.0&ixid=M3wxMjA3fDB8MHxzZWFyY2h8MzEwfHxmbGlnaHRzfGVufDB8fDB8fHww	Flights	2025-07-16 10:07:48.232792+00	14
1309	food	https://images.unsplash.com/photo-1603554593710-89285666b691?w=500&auto=format&fit=crop&q=60&ixlib=rb-4.1.0&ixid=M3wxMjA3fDB8MHxzZWFyY2h8MTh8fGluZGlhbiUyMGZvb2R8ZW58MHx8MHx8fDA%3D	Food	2025-07-16 10:10:16.46455+00	14
1312	food	https://images.unsplash.com/photo-1714611446765-3e85644ea4ae?w=500&auto=format&fit=crop&q=60&ixlib=rb-4.1.0&ixid=M3wxMjA3fDB8MHxzZWFyY2h8NzB8fGluZGlhbiUyMGZvb2R8ZW58MHx8MHx8fDA%3D	Food	2025-07-16 10:11:19.552379+00	14
1315	food	https://images.unsplash.com/photo-1668236543090-82eba5ee5976?w=500&auto=format&fit=crop&q=60&ixlib=rb-4.1.0&ixid=M3wxMjA3fDB8MHxzZWFyY2h8MTE1fHxpbmRpYW4lMjBmb29kfGVufDB8fDB8fHww	Food	2025-07-16 10:12:05.228876+00	14
1318	food	https://images.unsplash.com/photo-1657186618738-9dfbcee196b7?w=500&auto=format&fit=crop&q=60&ixlib=rb-4.1.0&ixid=M3wxMjA3fDB8MHxzZWFyY2h8MTY2fHxpbmRpYW4lMjBmb29kfGVufDB8fDB8fHww	Food	2025-07-16 10:13:05.889071+00	14
1321	food	https://images.unsplash.com/photo-1683533678033-f5d60f0a3437?w=500&auto=format&fit=crop&q=60&ixlib=rb-4.1.0&ixid=M3wxMjA3fDB8MHxzZWFyY2h8MjQ3fHxpbmRpYW4lMjBmb29kfGVufDB8fDB8fHww	Food	2025-07-16 10:13:55.878488+00	14
1324	food	https://images.unsplash.com/photo-1619337744931-97f65a4f14d0?w=500&auto=format&fit=crop&q=60&ixlib=rb-4.1.0&ixid=M3wxMjA3fDB8MHxzZWFyY2h8MzU0fHxpbmRpYW4lMjBmb29kfGVufDB8fDB8fHww	Food	2025-07-16 10:15:12.154865+00	14
1327	food	https://images.unsplash.com/photo-1555939594-58d7cb561ad1?w=500&auto=format&fit=crop&q=60&ixlib=rb-4.1.0&ixid=M3wxMjA3fDB8MHxzZWFyY2h8NDA1fHxpbmRpYW4lMjBmb29kfGVufDB8fDB8fHww	Food	2025-07-16 10:15:54.397455+00	14
1330	car	https://images.unsplash.com/photo-1525609004556-c46c7d6cf023?w=500&auto=format&fit=crop&q=60&ixlib=rb-4.1.0&ixid=M3wxMjA3fDB8MHxzZWFyY2h8Nnx8Y2Fyc3xlbnwwfHwwfHx8MA%3D%3D	Cars	2025-07-16 10:17:36.037703+00	14
1333	car	https://images.unsplash.com/photo-1513036191774-b2badb8fcb76?w=500&auto=format&fit=crop&q=60&ixlib=rb-4.1.0&ixid=M3wxMjA3fDB8MHxzZWFyY2h8MjR8fGNhcnN8ZW58MHx8MHx8fDA%3D	Cars	2025-07-16 10:18:27.021063+00	14
1336	car	https://images.unsplash.com/photo-1567818735868-e71b99932e29?w=500&auto=format&fit=crop&q=60&ixlib=rb-4.1.0&ixid=M3wxMjA3fDB8MHxzZWFyY2h8Mzh8fGNhcnN8ZW58MHx8MHx8fDA%3D	Cars	2025-07-16 10:18:53.421777+00	14
1339	car	https://images.unsplash.com/photo-1617814076367-b759c7d7e738?w=500&auto=format&fit=crop&q=60&ixlib=rb-4.1.0&ixid=M3wxMjA3fDB8MHxzZWFyY2h8NTZ8fGNhcnN8ZW58MHx8MHx8fDA%3D	Cars	2025-07-16 10:19:16.161316+00	14
1342	car	https://images.unsplash.com/photo-1569240651611-302c9897bde5?w=500&auto=format&fit=crop&q=60&ixlib=rb-4.1.0&ixid=M3wxMjA3fDB8MHxzZWFyY2h8Nzl8fGNhcnN8ZW58MHx8MHx8fDA%3D	Cars	2025-07-16 10:19:44.604435+00	14
1345	car	https://images.unsplash.com/photo-1514249779951-c1f932dd2402?w=500&auto=format&fit=crop&q=60&ixlib=rb-4.1.0&ixid=M3wxMjA3fDB8MHxzZWFyY2h8MTE5fHxjYXJzfGVufDB8fDB8fHww	Cars	2025-07-16 10:20:14.344806+00	14
1348	car	https://images.unsplash.com/photo-1690244565921-de73ad032c79?w=500&auto=format&fit=crop&q=60&ixlib=rb-4.1.0&ixid=M3wxMjA3fDB8MHxzZWFyY2h8MTM1fHxjYXJzfGVufDB8fDB8fHww	Cars	2025-07-16 10:20:43.295781+00	14
1351	car	https://images.unsplash.com/photo-1624976172935-cc8b86d24628?w=500&auto=format&fit=crop&q=60&ixlib=rb-4.1.0&ixid=M3wxMjA3fDB8MHxzZWFyY2h8MTU2fHxjYXJzfGVufDB8fDB8fHww	Cars	2025-07-16 10:21:44.27739+00	14
1354	car	https://images.unsplash.com/photo-1674514377290-4eb89e335b7c?w=500&auto=format&fit=crop&q=60&ixlib=rb-4.1.0&ixid=M3wxMjA3fDB8MHxzZWFyY2h8MjEwfHxjYXJzfGVufDB8fDB8fHww	Cars	2025-07-16 10:22:19.15649+00	14
1357	car	https://images.unsplash.com/photo-1738130399878-505dea1604e1?w=500&auto=format&fit=crop&q=60&ixlib=rb-4.1.0&ixid=M3wxMjA3fDB8MHxzZWFyY2h8MjcyfHxjYXJzfGVufDB8fDB8fHww	Cars	2025-07-16 10:23:09.344104+00	14
1360	shark	https://plus.unsplash.com/premium_photo-1736421942363-087a0ebec563?w=500&auto=format&fit=crop&q=60&ixlib=rb-4.1.0&ixid=M3wxMjA3fDB8MHxzZWFyY2h8NDF8fHNlYSUyMGFuaW1hbHN8ZW58MHx8MHx8fDA%3D	Animals	2025-07-16 10:28:53.986686+00	14
1363	sea	https://images.unsplash.com/photo-1511143635062-219d1242e01c?w=500&auto=format&fit=crop&q=60&ixlib=rb-4.1.0&ixid=M3wxMjA3fDB8MHxzZWFyY2h8MTAyfHxmaXNofGVufDB8fDB8fHww	Animals	2025-07-16 10:30:26.304124+00	14
1366	bird	https://images.unsplash.com/photo-1719514160332-8a887399a2b4?w=500&auto=format&fit=crop&q=60&ixlib=rb-4.1.0&ixid=M3wxMjA3fDB8MHxzZWFyY2h8MjR8fGJpcmRzfGVufDB8fDB8fHww	Animals	2025-07-16 10:31:09.015923+00	14
1369	bird	https://images.unsplash.com/photo-1665335704928-805c86c0ae39?w=500&auto=format&fit=crop&q=60&ixlib=rb-4.1.0&ixid=M3wxMjA3fDB8MHxzZWFyY2h8NTZ8fGJpcmRzfGVufDB8fDB8fHww	Animals	2025-07-16 10:31:42.324445+00	14
1371	bird	https://images.unsplash.com/photo-1616081352935-7daa6487b6ae?w=500&auto=format&fit=crop&q=60&ixlib=rb-4.1.0&ixid=M3wxMjA3fDB8MHxzZWFyY2h8NjB8fGJpcmRzfGVufDB8fDB8fHww	Animals	2025-07-16 10:32:05.693047+00	14
1373	bird	https://images.unsplash.com/photo-1619476266714-2a8b9f7731b9?w=500&auto=format&fit=crop&q=60&ixlib=rb-4.1.0&ixid=M3wxMjA3fDB8MHxzZWFyY2h8OTR8fGJpcmRzfGVufDB8fDB8fHww	Animals	2025-07-16 10:32:28.477798+00	14
1375	place	https://images.unsplash.com/photo-1702146740483-4b0b82c39ea8?w=500&auto=format&fit=crop&q=60&ixlib=rb-4.1.0&ixid=M3wxMjA3fDB8MHxzZWFyY2h8Mjh8fGZhbW91cyUyMHBsYWNlcyUyMGluJTIwd29ybGR8ZW58MHx8MHx8fDA%3D	Famous	2025-07-16 10:36:23.0586+00	14
1274	tree wallapaper	https://images.unsplash.com/photo-1752253509126-b4ab3125776c?w=500&auto=format&fit=crop&q=60&ixlib=rb-4.1.0&ixid=M3wxMjA3fDB8MHx0b3BpYy1mZWVkfDE0fGJvOGpRS1RhRTBZfHxlbnwwfHx8fHw%3D	wallpaper	2025-07-16 09:35:41.716548+00	16
1278	god 	https://images.unsplash.com/photo-1599106242946-fd550dac004c?w=500&auto=format&fit=crop&q=60&ixlib=rb-4.1.0&ixid=M3wxMjA3fDB8MHxzZWFyY2h8MjJ8fGhpbmR1JTIwZ29kfGVufDB8fDB8fHww	God	2025-07-16 09:52:15.293361+00	16
1282	god	https://images.unsplash.com/photo-1668082685668-04b55ffe7a23?w=500&auto=format&fit=crop&q=60&ixlib=rb-4.1.0&ixid=M3wxMjA3fDB8MHxzZWFyY2h8MTM2fHxoaW5kdSUyMGdvZHxlbnwwfHwwfHx8MA%3D%3D	God	2025-07-16 09:56:37.646355+00	16
1286	flight	https://plus.unsplash.com/premium_photo-1679830513985-2a2e07ac1d7e?w=500&auto=format&fit=crop&q=60&ixlib=rb-4.1.0&ixid=M3wxMjA3fDB8MHxzZWFyY2h8OTd8fGZsaWdodHN8ZW58MHx8MHx8fDA%3D	Flights	2025-07-16 10:01:20.237268+00	14
1290	flight	https://plus.unsplash.com/premium_photo-1679758629328-c35d0ff10eab?w=500&auto=format&fit=crop&q=60&ixlib=rb-4.1.0&ixid=M3wxMjA3fDB8MHxzZWFyY2h8MTM3fHxmbGlnaHRzfGVufDB8fDB8fHww	Flights	2025-07-16 10:03:08.996006+00	14
1294	flight	https://images.unsplash.com/photo-1723133696515-ec5d18b65ec6?w=500&auto=format&fit=crop&q=60&ixlib=rb-4.1.0&ixid=M3wxMjA3fDB8MHxzZWFyY2h8MTc5fHxmbGlnaHRzfGVufDB8fDB8fHww	Flights	2025-07-16 10:04:36.440737+00	14
1298	flight	https://images.unsplash.com/photo-1579878092855-461d04cc2a69?w=500&auto=format&fit=crop&q=60&ixlib=rb-4.1.0&ixid=M3wxMjA3fDB8MHxzZWFyY2h8MjgwfHxmbGlnaHRzfGVufDB8fDB8fHww	Flights	2025-07-16 10:06:04.46698+00	14
1302	flight	https://images.unsplash.com/photo-1705077354123-a7f9b7d77674?w=500&auto=format&fit=crop&q=60&ixlib=rb-4.1.0&ixid=M3wxMjA3fDB8MHxzZWFyY2h8MzAwfHxmbGlnaHRzfGVufDB8fDB8fHww	Flights	2025-07-16 10:07:07.989364+00	14
1306	f	https://images.unsplash.com/photo-1672865642715-1561fd5d3aa1?w=500&auto=format&fit=crop&q=60&ixlib=rb-4.1.0&ixid=M3wxMjA3fDB8MHxzZWFyY2h8MzE4fHxmbGlnaHRzfGVufDB8fDB8fHww	Flights	2025-07-16 10:08:05.81656+00	14
1310	food	https://plus.unsplash.com/premium_photo-1694141252774-c937d97641da?w=500&auto=format&fit=crop&q=60&ixlib=rb-4.1.0&ixid=M3wxMjA3fDB8MHxzZWFyY2h8MzN8fGluZGlhbiUyMGZvb2R8ZW58MHx8MHx8fDA%3D	Food	2025-07-16 10:10:39.663132+00	14
1313	dosa	https://images.unsplash.com/photo-1708146464361-5c5ce4f9abb6?w=500&auto=format&fit=crop&q=60&ixlib=rb-4.1.0&ixid=M3wxMjA3fDB8MHxzZWFyY2h8MTA4fHxpbmRpYW4lMjBmb29kfGVufDB8fDB8fHww	Food	2025-07-16 10:11:40.845396+00	14
1316	food	https://images.unsplash.com/photo-1694579740719-0e601c5d2437?w=500&auto=format&fit=crop&q=60&ixlib=rb-4.1.0&ixid=M3wxMjA3fDB8MHxzZWFyY2h8MTIyfHxpbmRpYW4lMjBmb29kfGVufDB8fDB8fHww	Food	2025-07-16 10:12:15.658586+00	14
1319	food	https://plus.unsplash.com/premium_photo-1691030658159-e8e29b2b12b9?w=500&auto=format&fit=crop&q=60&ixlib=rb-4.1.0&ixid=M3wxMjA3fDB8MHxzZWFyY2h8MTgxfHxpbmRpYW4lMjBmb29kfGVufDB8fDB8fHww	Food	2025-07-16 10:13:19.010052+00	14
1322	food	https://images.unsplash.com/photo-1534939561126-855b8675edd7?w=500&auto=format&fit=crop&q=60&ixlib=rb-4.1.0&ixid=M3wxMjA3fDB8MHxzZWFyY2h8MjQ4fHxpbmRpYW4lMjBmb29kfGVufDB8fDB8fHww	Food	2025-07-16 10:14:06.664454+00	14
1325	food	https://images.unsplash.com/photo-1682622110397-37f6e928f890?w=500&auto=format&fit=crop&q=60&ixlib=rb-4.1.0&ixid=M3wxMjA3fDB8MHxzZWFyY2h8MzY2fHxpbmRpYW4lMjBmb29kfGVufDB8fDB8fHww	Food	2025-07-16 10:15:27.512109+00	14
1328	food	https://images.unsplash.com/photo-1643892467625-65df6a500524?w=500&auto=format&fit=crop&q=60&ixlib=rb-4.1.0&ixid=M3wxMjA3fDB8MHxzZWFyY2h8NDAzfHxpbmRpYW4lMjBmb29kfGVufDB8fDB8fHww	Food	2025-07-16 10:16:05.042456+00	14
1331	car	https://images.unsplash.com/photo-1605559424843-9e4c228bf1c2?w=500&auto=format&fit=crop&q=60&ixlib=rb-4.1.0&ixid=M3wxMjA3fDB8MHxzZWFyY2h8OHx8Y2Fyc3xlbnwwfHwwfHx8MA%3D%3D	Cars	2025-07-16 10:18:03.78183+00	14
1334	car	https://images.unsplash.com/photo-1602777924012-f8664ffeed27?w=500&auto=format&fit=crop&q=60&ixlib=rb-4.1.0&ixid=M3wxMjA3fDB8MHxzZWFyY2h8Mjh8fGNhcnN8ZW58MHx8MHx8fDA%3D	Cars	2025-07-16 10:18:36.917568+00	14
1337	car	https://images.unsplash.com/photo-1619405399517-d7fce0f13302?w=500&auto=format&fit=crop&q=60&ixlib=rb-4.1.0&ixid=M3wxMjA3fDB8MHxzZWFyY2h8NDh8fGNhcnN8ZW58MHx8MHx8fDA%3D	Cars	2025-07-16 10:18:59.670419+00	14
1340	car	https://plus.unsplash.com/premium_photo-1677591655703-e6f11ffdb1cf?w=500&auto=format&fit=crop&q=60&ixlib=rb-4.1.0&ixid=M3wxMjA3fDB8MHxzZWFyY2h8NjV8fGNhcnN8ZW58MHx8MHx8fDA%3D	Cars	2025-07-16 10:19:26.445333+00	14
1343	car	https://images.unsplash.com/photo-1618205062886-3976f4bb8219?w=500&auto=format&fit=crop&q=60&ixlib=rb-4.1.0&ixid=M3wxMjA3fDB8MHxzZWFyY2h8OTF8fGNhcnN8ZW58MHx8MHx8fDA%3D	Cars	2025-07-16 10:19:52.425491+00	14
1346	car	https://images.unsplash.com/photo-1690244565910-65718e5f851d?w=500&auto=format&fit=crop&q=60&ixlib=rb-4.1.0&ixid=M3wxMjA3fDB8MHxzZWFyY2h8MTI2fHxjYXJzfGVufDB8fDB8fHww	Cars	2025-07-16 10:20:27.339288+00	14
1349	car	https://images.unsplash.com/photo-1630381796593-6b72c570dc43?w=500&auto=format&fit=crop&q=60&ixlib=rb-4.1.0&ixid=M3wxMjA3fDB8MHxzZWFyY2h8MTQyfHxjYXJzfGVufDB8fDB8fHww	Cars	2025-07-16 10:20:54.075177+00	14
1352	car	https://images.unsplash.com/photo-1684702987762-36fb2a64a0dd?w=500&auto=format&fit=crop&q=60&ixlib=rb-4.1.0&ixid=M3wxMjA3fDB8MHxzZWFyY2h8MTY3fHxjYXJzfGVufDB8fDB8fHww	Cars	2025-07-16 10:21:53.961418+00	14
1355	car	https://images.unsplash.com/photo-1742702595304-7802dff0e098?w=500&auto=format&fit=crop&q=60&ixlib=rb-4.1.0&ixid=M3wxMjA3fDB8MHxzZWFyY2h8MjIyfHxjYXJzfGVufDB8fDB8fHww	Cars	2025-07-16 10:22:32.053787+00	14
1358	fish	https://images.unsplash.com/photo-1522069169874-c58ec4b76be5?w=500&auto=format&fit=crop&q=60&ixlib=rb-4.1.0&ixid=M3wxMjA3fDB8MHxzZWFyY2h8MzJ8fHNlYSUyMGFuaW1hbHN8ZW58MHx8MHx8fDA%3D	Animals	2025-07-16 10:28:17.620526+00	14
1361	totoise	https://images.unsplash.com/photo-1568785629399-0cd9324febdf?w=500&auto=format&fit=crop&q=60&ixlib=rb-4.1.0&ixid=M3wxMjA3fDB8MHxzZWFyY2h8NTV8fHNlYSUyMGFuaW1hbHN8ZW58MHx8MHx8fDA%3D	Animals	2025-07-16 10:29:09.194527+00	14
1364	bird	https://images.unsplash.com/photo-1452570053594-1b985d6ea890?w=500&auto=format&fit=crop&q=60&ixlib=rb-4.1.0&ixid=M3wxMjA3fDB8MHxzZWFyY2h8N3x8YmlyZHN8ZW58MHx8MHx8fDA%3D	Animals	2025-07-16 10:30:43.95958+00	14
1367	bird	https://plus.unsplash.com/premium_photo-1692353996728-9b22d6dabb16?w=500&auto=format&fit=crop&q=60&ixlib=rb-4.1.0&ixid=M3wxMjA3fDB8MHxzZWFyY2h8MjV8fGJpcmRzfGVufDB8fDB8fHww	Animals	2025-07-16 10:31:19.337868+00	14
1370	bird	https://plus.unsplash.com/premium_photo-1664543649513-c21242431e6e?w=500&auto=format&fit=crop&q=60&ixlib=rb-4.1.0&ixid=M3wxMjA3fDB8MHxzZWFyY2h8NjF8fGJpcmRzfGVufDB8fDB8fHww	Animals	2025-07-16 10:31:56.529696+00	14
1372	bird	https://images.unsplash.com/photo-1575805774658-fdb9eeda71cc?w=500&auto=format&fit=crop&q=60&ixlib=rb-4.1.0&ixid=M3wxMjA3fDB8MHxzZWFyY2h8ODB8fGJpcmRzfGVufDB8fDB8fHww	Animals	2025-07-16 10:32:16.306804+00	14
1374	bird	https://images.unsplash.com/photo-1445820200644-69f87d946277?w=500&auto=format&fit=crop&q=60&ixlib=rb-4.1.0&ixid=M3wxMjA3fDB8MHxzZWFyY2h8MTM1fHxiaXJkc3xlbnwwfHwwfHx8MA%3D%3D	Animals	2025-07-16 10:34:06.232936+00	14
1376	place	https://images.unsplash.com/photo-1703573198164-8b849c9195c4?w=500&auto=format&fit=crop&q=60&ixlib=rb-4.1.0&ixid=M3wxMjA3fDB8MHxzZWFyY2h8NDd8fGZhbW91cyUyMHBsYWNlcyUyMGluJTIwd29ybGR8ZW58MHx8MHx8fDA%3D	Famous	2025-07-16 10:37:25.262719+00	14
1275	shiva	https://images.unsplash.com/photo-1566890910598-c5768889e83e?w=500&auto=format&fit=crop&q=60&ixlib=rb-4.1.0&ixid=M3wxMjA3fDB8MHxzZWFyY2h8Mnx8aGluZHUlMjBnb2R8ZW58MHx8MHx8fDA%3D	God	2025-07-16 09:47:51.925434+00	16
1279	god	https://plus.unsplash.com/premium_photo-1689838027426-bf5cc3a0131f?w=500&auto=format&fit=crop&q=60&ixlib=rb-4.1.0&ixid=M3wxMjA3fDB8MHxzZWFyY2h8NTd8fGhpbmR1JTIwZ29kfGVufDB8fDB8fHww	God	2025-07-16 09:53:19.01674+00	16
1283	god	https://images.unsplash.com/photo-1598188752015-ea786296f571?w=500&auto=format&fit=crop&q=60&ixlib=rb-4.1.0&ixid=M3wxMjA3fDB8MHxzZWFyY2h8MTU2fHxoaW5kdSUyMGdvZHxlbnwwfHwwfHx8MA%3D%3D	God	2025-07-16 09:58:08.080952+00	14
1287	flights	https://plus.unsplash.com/premium_photo-1680284163274-af6619beac02?w=500&auto=format&fit=crop&q=60&ixlib=rb-4.1.0&ixid=M3wxMjA3fDB8MHxzZWFyY2h8MTA1fHxmbGlnaHRzfGVufDB8fDB8fHww	Flights	2025-07-16 10:02:01.139556+00	14
1291	flight	https://images.unsplash.com/photo-1601754192553-fcc307b7710b?w=500&auto=format&fit=crop&q=60&ixlib=rb-4.1.0&ixid=M3wxMjA3fDB8MHxzZWFyY2h8MTM4fHxmbGlnaHRzfGVufDB8fDB8fHww	Flights	2025-07-16 10:03:22.48615+00	14
1295	flight	https://images.unsplash.com/photo-1578767750089-d526a43af48a?w=500&auto=format&fit=crop&q=60&ixlib=rb-4.1.0&ixid=M3wxMjA3fDB8MHxzZWFyY2h8MjQwfHxmbGlnaHRzfGVufDB8fDB8fHww	Flights	2025-07-16 10:05:03.389464+00	14
1299	flight	https://images.unsplash.com/photo-1699430958905-46012e206850?w=500&auto=format&fit=crop&q=60&ixlib=rb-4.1.0&ixid=M3wxMjA3fDB8MHxzZWFyY2h8Mjg3fHxmbGlnaHRzfGVufDB8fDB8fHww	Flights	2025-07-16 10:06:22.312344+00	14
1303	f	https://images.unsplash.com/photo-1715234635249-8d2fa09a28b0?w=500&auto=format&fit=crop&q=60&ixlib=rb-4.1.0&ixid=M3wxMjA3fDB8MHxzZWFyY2h8MzA3fHxmbGlnaHRzfGVufDB8fDB8fHww	Flights	2025-07-16 10:07:17.445956+00	14
1307	f	https://images.unsplash.com/photo-1706984499134-d9f155544876?w=500&auto=format&fit=crop&q=60&ixlib=rb-4.1.0&ixid=M3wxMjA3fDB8MHxzZWFyY2h8MzU1fHxmbGlnaHRzfGVufDB8fDB8fHww	Flights	2025-07-16 10:08:28.637606+00	14
1311	food	https://images.unsplash.com/photo-1631788012442-633d4f91ad31?w=500&auto=format&fit=crop&q=60&ixlib=rb-4.1.0&ixid=M3wxMjA3fDB8MHxzZWFyY2h8NTR8fGluZGlhbiUyMGZvb2R8ZW58MHx8MHx8fDA%3D	Food	2025-07-16 10:11:06.20968+00	14
1314	food	https://images.unsplash.com/photo-1635564981692-857482d9325f?w=500&auto=format&fit=crop&q=60&ixlib=rb-4.1.0&ixid=M3wxMjA3fDB8MHxzZWFyY2h8MTEyfHxpbmRpYW4lMjBmb29kfGVufDB8fDB8fHww	Food	2025-07-16 10:11:52.729236+00	14
1317	food	https://images.unsplash.com/photo-1613764816537-a43baeb559c1?w=500&auto=format&fit=crop&q=60&ixlib=rb-4.1.0&ixid=M3wxMjA3fDB8MHxzZWFyY2h8MTYwfHxpbmRpYW4lMjBmb29kfGVufDB8fDB8fHww	Food	2025-07-16 10:12:54.667865+00	14
1320	food	https://plus.unsplash.com/premium_photo-1664303714911-f89d3021e9b4?w=500&auto=format&fit=crop&q=60&ixlib=rb-4.1.0&ixid=M3wxMjA3fDB8MHxzZWFyY2h8MjI1fHxpbmRpYW4lMjBmb29kfGVufDB8fDB8fHww	Food	2025-07-16 10:13:37.267871+00	14
1323	food	https://images.unsplash.com/photo-1652545296821-09a023a9fd08?w=500&auto=format&fit=crop&q=60&ixlib=rb-4.1.0&ixid=M3wxMjA3fDB8MHxzZWFyY2h8Mjc4fHxpbmRpYW4lMjBmb29kfGVufDB8fDB8fHww	Food	2025-07-16 10:14:27.896975+00	14
1326	food	https://images.unsplash.com/photo-1634529363488-1e254f3bcc92?w=500&auto=format&fit=crop&q=60&ixlib=rb-4.1.0&ixid=M3wxMjA3fDB8MHxzZWFyY2h8Mzk0fHxpbmRpYW4lMjBmb29kfGVufDB8fDB8fHww	Food	2025-07-16 10:15:41.970658+00	14
1329	food	https://images.unsplash.com/photo-1622715395476-3dbcd161df05?w=500&auto=format&fit=crop&q=60&ixlib=rb-4.1.0&ixid=M3wxMjA3fDB8MHxzZWFyY2h8NDU2fHxpbmRpYW4lMjBmb29kfGVufDB8fDB8fHww	Food	2025-07-16 10:16:33.598458+00	14
1332	car	https://images.unsplash.com/photo-1543465077-db45d34b88a5?w=500&auto=format&fit=crop&q=60&ixlib=rb-4.1.0&ixid=M3wxMjA3fDB8MHxzZWFyY2h8MjZ8fGNhcnN8ZW58MHx8MHx8fDA%3D	Cars	2025-07-16 10:18:18.825115+00	14
1335	car	https://images.unsplash.com/photo-1462396881884-de2c07cb95ed?w=500&auto=format&fit=crop&q=60&ixlib=rb-4.1.0&ixid=M3wxMjA3fDB8MHxzZWFyY2h8NDB8fGNhcnN8ZW58MHx8MHx8fDA%3D	Cars	2025-07-16 10:18:45.737458+00	14
1338	car	https://images.unsplash.com/photo-1580273916550-e323be2ae537?w=500&auto=format&fit=crop&q=60&ixlib=rb-4.1.0&ixid=M3wxMjA3fDB8MHxzZWFyY2h8NTF8fGNhcnN8ZW58MHx8MHx8fDA%3D	Cars	2025-07-16 10:19:08.477366+00	14
1341	cars	https://images.unsplash.com/photo-1569240651738-2c9ec2f50f42?w=500&auto=format&fit=crop&q=60&ixlib=rb-4.1.0&ixid=M3wxMjA3fDB8MHxzZWFyY2h8NTl8fGNhcnN8ZW58MHx8MHx8fDA%3D	Cars	2025-07-16 10:19:33.741173+00	14
1344	car	https://images.unsplash.com/photo-1602786195490-c785a218df40?w=500&auto=format&fit=crop&q=60&ixlib=rb-4.1.0&ixid=M3wxMjA3fDB8MHxzZWFyY2h8OTV8fGNhcnN8ZW58MHx8MHx8fDA%3D	Cars	2025-07-16 10:20:01.269042+00	14
1347	car	https://images.unsplash.com/photo-1690244592134-a34b39a42bbc?w=500&auto=format&fit=crop&q=60&ixlib=rb-4.1.0&ixid=M3wxMjA3fDB8MHxzZWFyY2h8MTMxfHxjYXJzfGVufDB8fDB8fHww	Cars	2025-07-16 10:20:34.497981+00	14
1350	car	https://images.unsplash.com/photo-1500073505333-7df7a702e5f0?w=500&auto=format&fit=crop&q=60&ixlib=rb-4.1.0&ixid=M3wxMjA3fDB8MHxzZWFyY2h8MTU0fHxjYXJzfGVufDB8fDB8fHww	Cars	2025-07-16 10:21:03.265174+00	14
1353	car	https://images.unsplash.com/photo-1736921194899-0db6f5936965?w=500&auto=format&fit=crop&q=60&ixlib=rb-4.1.0&ixid=M3wxMjA3fDB8MHxzZWFyY2h8MTc4fHxjYXJzfGVufDB8fDB8fHww	Cars	2025-07-16 10:22:02.610617+00	14
1356	car	https://images.unsplash.com/photo-1721185774987-4f1283e0715e?w=500&auto=format&fit=crop&q=60&ixlib=rb-4.1.0&ixid=M3wxMjA3fDB8MHxzZWFyY2h8MjQyfHxjYXJzfGVufDB8fDB8fHww	Cars	2025-07-16 10:22:44.050238+00	14
1359	sea	https://images.unsplash.com/photo-1632044813791-70de4291b6d2?w=500&auto=format&fit=crop&q=60&ixlib=rb-4.1.0&ixid=M3wxMjA3fDB8MHxzZWFyY2h8MzV8fHNlYSUyMGFuaW1hbHN8ZW58MHx8MHx8fDA%3D	Animals	2025-07-16 10:28:44.988103+00	14
1362	sea	https://images.unsplash.com/photo-1534043464124-3be32fe000c9?w=500&auto=format&fit=crop&q=60&ixlib=rb-4.1.0&ixid=M3wxMjA3fDB8MHxzZWFyY2h8NDB8fGZpc2h8ZW58MHx8MHx8fDA%3D	Animals	2025-07-16 10:30:04.308371+00	14
1092	Food Image 1	https://images.unsplash.com/photo-1482049016688-2d3e1b311543?w=500&auto=format&fit=crop&q=60&ixlib=rb-4.1.0&ixid=M3wxMjA3fDB8MHxzZWFyY2h8Mnx8Zm9vZHxlbnwwfHwwfHx8MA%3D%3D	Food	2025-07-11 12:17:15.096239+00	1
1093	Food Image 2	https://images.unsplash.com/photo-1576047758648-6998fcc0d407?w=500&auto=format&fit=crop&q=60&ixlib=rb-4.1.0&ixid=M3wxMjA3fDB8MHxjb2xsZWN0aW9uLXBhZ2V8MTF8MTAyODQ4OHx8ZW58MHx8fHx8	Food	2025-07-11 12:17:15.104195+00	1
1094	Food Image 3	https://images.unsplash.com/photo-1590915063357-4cd7e69899ca?w=500&auto=format&fit=crop&q=60&ixlib=rb-4.1.0&ixid=M3wxMjA3fDB8MHxjb2xsZWN0aW9uLXBhZ2V8MjZ8MTAyODQ4OHx8ZW58MHx8fHx8	Food	2025-07-11 12:17:15.106533+00	1
1095	Food Image 4	https://images.unsplash.com/photo-1625398407796-82650a8c135f?w=500&auto=format&fit=crop&q=60&ixlib=rb-4.1.0&ixid=M3wxMjA3fDB8MHxzZWFyY2h8N3x8aW5kaWFuJTIwZm9vZHxlbnwwfHwwfHx8MA%3D%3D	Food	2025-07-11 12:17:15.108979+00	1
1365	bird	https://images.unsplash.com/photo-1620694563886-c3a80ec55f41?w=500&auto=format&fit=crop&q=60&ixlib=rb-4.1.0&ixid=M3wxMjA3fDB8MHxzZWFyY2h8MTF8fGJpcmRzfGVufDB8fDB8fHww	Animals	2025-07-16 10:30:53.646964+00	14
1368	bird	https://images.unsplash.com/photo-1570527140771-020891229bb4?w=500&auto=format&fit=crop&q=60&ixlib=rb-4.1.0&ixid=M3wxMjA3fDB8MHxzZWFyY2h8NDd8fGJpcmRzfGVufDB8fDB8fHww	Animals	2025-07-16 10:31:31.780411+00	14
1096	Food Image 5	https://images.unsplash.com/photo-1589302168068-964664d93dc0?w=500&auto=format&fit=crop&q=60&ixlib=rb-4.1.0&ixid=M3wxMjA3fDB8MHxzZWFyY2h8Nnx8aW5kaWFuJTIwZm9vZHxlbnwwfHwwfHx8MA%3D%3D	Food	2025-07-11 12:17:15.111456+00	1
1097	Food Image 6	https://images.unsplash.com/photo-1694849789325-914b71ab4075?w=500&auto=format&fit=crop&q=60&ixlib=rb-4.1.0&ixid=M3wxMjA3fDB8MHxzZWFyY2h8MTJ8fGluZGlhbiUyMGZvb2R8ZW58MHx8MHx8fDA%3D	Food	2025-07-11 12:17:15.114185+00	1
1098	Food Image 7	https://images.unsplash.com/photo-1565557623262-b51c2513a641?w=500&auto=format&fit=crop&q=60&ixlib=rb-4.1.0&ixid=M3wxMjA3fDB8MHxzZWFyY2h8OHx8aW5kaWFuJTIwZm9vZHxlbnwwfHwwfHx8MA%3D%3D	Food	2025-07-11 12:17:15.116365+00	1
1099	Food Image 8	https://images.unsplash.com/photo-1574484284002-952d92456975?w=500&auto=format&fit=crop&q=60&ixlib=rb-4.1.0&ixid=M3wxMjA3fDB8MHxzZWFyY2h8OHx8bWVhbHxlbnwwfHwwfHx8MA%3D%3D	Food	2025-07-11 12:17:15.118365+00	1
1100	Food Image 9	https://images.unsplash.com/photo-1564436872-f6d81182df12?w=500&auto=format&fit=crop&q=60&ixlib=rb-4.1.0&ixid=M3wxMjA3fDB8MHxzZWFyY2h8N3x8bWVhbHxlbnwwfHwwfHx8MA%3D%3D	Food	2025-07-11 12:17:15.120441+00	1
1101	Food Image 10	https://images.unsplash.com/photo-1508424757105-b6d5ad9329d0?w=500&auto=format&fit=crop&q=60&ixlib=rb-4.1.0&ixid=M3wxMjA3fDB8MHxzZWFyY2h8N3x8cmVzdGF1cmFudHxlbnwwfHwwfHx8MA%3D%3D	Food	2025-07-11 12:17:15.122573+00	1
1102	Food Image 11	https://images.unsplash.com/photo-1565299624946-b28f40a0ae38?w=500&auto=format&fit=crop&q=60&ixlib=rb-4.1.0&ixid=M3wxMjA3fDB8MHxzZWFyY2h8OHx8Zm9vZHxlbnwwfHwwfHx8MA%3D%3D	Food	2025-07-11 12:17:15.124526+00	1
1103	Food Image 12	https://plus.unsplash.com/premium_photo-1673580742890-4af144293960?w=500&auto=format&fit=crop&q=60&ixlib=rb-4.1.0&ixid=M3wxMjA3fDB8MHxzZWFyY2h8MTN8fGZvb2R8ZW58MHx8MHx8fDA%3D	Food	2025-07-11 12:17:15.126696+00	1
1104	Food Image 13	https://plus.unsplash.com/premium_photo-1672363353881-68c8ff594e25?w=500&auto=format&fit=crop&q=60&ixlib=rb-4.1.0&ixid=M3wxMjA3fDB8MHxzZWFyY2h8Mzd8fGZvb2R8ZW58MHx8MHx8fDA%3D	Food	2025-07-11 12:17:15.1293+00	1
1105	Food Image 14	https://images.unsplash.com/photo-1485962398705-ef6a13c41e8f?w=500&auto=format&fit=crop&q=60&ixlib=rb-4.1.0&ixid=M3wxMjA3fDB8MHxzZWFyY2h8MzV8fGZvb2R8ZW58MHx8MHx8fDA%3D	Food	2025-07-11 12:17:15.131485+00	1
1106	Food Image 15	https://images.unsplash.com/photo-1512149177596-f817c7ef5d4c?w=500&auto=format&fit=crop&q=60&ixlib=rb-4.1.0&ixid=M3wxMjA3fDB8MHxzZWFyY2h8NDR8fGZvb2R8ZW58MHx8MHx8fDA%3D	Food	2025-07-11 12:17:15.133681+00	1
1107	Travel Image 1	https://plus.unsplash.com/premium_photo-1664368832311-7fe635e32c7c?w=500&auto=format&fit=crop&q=60&ixlib=rb-4.1.0&ixid=M3wxMjA3fDB8MHxzZWFyY2h8Mnx8dHJhdmVsfGVufDB8fDB8fHww	Travel	2025-07-11 12:17:15.13565+00	1
1108	Travel Image 2	https://plus.unsplash.com/premium_photo-1719843013722-c2f4d69db940?w=500&auto=format&fit=crop&q=60&ixlib=rb-4.1.0&ixid=M3wxMjA3fDB8MHxzZWFyY2h8OXx8dHJhdmVsfGVufDB8fDB8fHww	Travel	2025-07-11 12:17:15.137638+00	1
1109	Travel Image 3	https://plus.unsplash.com/premium_photo-1677343210638-5d3ce6ddbf85?w=500&auto=format&fit=crop&q=60&ixlib=rb-4.1.0&ixid=M3wxMjA3fDB8MHxzZWFyY2h8NXx8dHJhdmVsfGVufDB8fDB8fHww	Travel	2025-07-11 12:17:15.141095+00	1
1110	Travel Image 4	https://plus.unsplash.com/premium_photo-1679830513869-cd3648acb1db?w=500&auto=format&fit=crop&q=60&ixlib=rb-4.1.0&ixid=M3wxMjA3fDB8MHxzZWFyY2h8MTJ8fHRyYXZlbHxlbnwwfHwwfHx8MA%3D%3D	Travel	2025-07-11 12:17:15.143194+00	1
1111	Travel Image 5	https://plus.unsplash.com/premium_photo-1664362416374-4f734db57037?w=500&auto=format&fit=crop&q=60&ixlib=rb-4.1.0&ixid=M3wxMjA3fDB8MHxzZWFyY2h8MjB8fHRyYXZlbHxlbnwwfHwwfHx8MA%3D%3D	Travel	2025-07-11 12:17:15.145449+00	1
1112	Travel Image 6	https://images.unsplash.com/photo-1568849676085-51415703900f?w=500&auto=format&fit=crop&q=60&ixlib=rb-4.1.0&ixid=M3wxMjA3fDB8MHxzZWFyY2h8MTl8fHRyYXZlbHxlbnwwfHwwfHx8MA%3D%3D	Travel	2025-07-11 12:17:15.147906+00	1
1113	Travel Image 7	https://images.unsplash.com/photo-1533105079780-92b9be482077?w=500&auto=format&fit=crop&q=60&ixlib=rb-4.1.0&ixid=M3wxMjA3fDB8MHxzZWFyY2h8MjF8fHRyYXZlbHxlbnwwfHwwfHx8MA%3D%3D	Travel	2025-07-11 12:17:15.149894+00	1
1114	Travel Image 8	https://plus.unsplash.com/premium_photo-1679830513873-5f9163fcc04a?w=500&auto=format&fit=crop&q=60&ixlib=rb-4.1.0&ixid=M3wxMjA3fDB8MHxzZWFyY2h8MzV8fHRyYXZlbHxlbnwwfHwwfHx8MA%3D%3D	Travel	2025-07-11 12:17:15.15184+00	1
1115	Travel Image 9	https://images.unsplash.com/photo-1523906834658-6e24ef2386f9?w=500&auto=format&fit=crop&q=60&ixlib=rb-4.1.0&ixid=M3wxMjA3fDB8MHxzZWFyY2h8NTB8fHRyYXZlbHxlbnwwfHwwfHx8MA%3D%3D	Travel	2025-07-11 12:17:15.153965+00	1
1116	Travel Image 10	https://images.unsplash.com/photo-1499063078284-f78f7d89616a?w=500&auto=format&fit=crop&q=60&ixlib=rb-4.1.0&ixid=M3wxMjA3fDB8MHxzZWFyY2h8NTh8fHRyYXZlbHxlbnwwfHwwfHx8MA%3D%3D	Travel	2025-07-11 12:17:15.155947+00	1
1117	Travel Image 11	https://images.unsplash.com/photo-1517999349371-c43520457b23?w=500&auto=format&fit=crop&q=60&ixlib=rb-4.1.0&ixid=M3wxMjA3fDB8MHxzZWFyY2h8NjB8fHRyYXZlbHxlbnwwfHwwfHx8MA%3D%3D	Travel	2025-07-11 12:17:15.158134+00	1
1118	Cars Image 1	https://images.unsplash.com/photo-1514316454349-750a7fd3da3a?w=500&auto=format&fit=crop&q=60&ixlib=rb-4.1.0&ixid=M3wxMjA3fDB8MHxzZWFyY2h8MTZ8fGNhcnN8ZW58MHx8MHx8fDA%3D	Cars	2025-07-11 12:17:15.160515+00	1
1119	Cars Image 2	https://images.unsplash.com/photo-1580274455191-1c62238fa333?w=500&auto=format&fit=crop&q=60&ixlib=rb-4.1.0&ixid=M3wxMjA3fDB8MHxzZWFyY2h8OHx8cG9yc2NoZSUyMDkxMXxlbnwwfHwwfHx8MA%3D%3D	Cars	2025-07-11 12:17:15.163033+00	1
1120	Cars Image 3	https://images.unsplash.com/photo-1722850312872-52ebbd041a90?w=500&auto=format&fit=crop&q=60&ixlib=rb-4.1.0&ixid=M3wxMjA3fDB8MHxzZWFyY2h8MTV8fHBvcnNjaGUlMjA5MTF8ZW58MHx8MHx8fDA%3D	Cars	2025-07-11 12:17:15.165055+00	1
1121	Cars Image 4	https://images.unsplash.com/photo-1601278840447-9af5ac4ed157?w=500&auto=format&fit=crop&q=60&ixlib=rb-4.1.0&ixid=M3wxMjA3fDB8MHxzZWFyY2h8MzB8fHBvcnNjaGUlMjA5MTF8ZW58MHx8MHx8fDA%3D	Cars	2025-07-11 12:17:15.166929+00	1
1122	Cars Image 5	https://images.unsplash.com/photo-1647259471385-a1b2a2595d53?w=500&auto=format&fit=crop&q=60&ixlib=rb-4.1.0&ixid=M3wxMjA3fDB8MHxzZWFyY2h8MzJ8fHBvcnNjaGUlMjA5MTF8ZW58MHx8MHx8fDA%3D	Cars	2025-07-11 12:17:15.168856+00	1
1123	Cars Image 6	https://images.unsplash.com/photo-1680071344263-6daa55c09728?w=500&auto=format&fit=crop&q=60&ixlib=rb-4.1.0&ixid=M3wxMjA3fDB8MHxzZWFyY2h8NDB8fHBvcnNjaGUlMjA5MTF8ZW58MHx8MHx8fDA%3D	Cars	2025-07-11 12:17:15.170982+00	1
1124	Cars Image 7	https://images.unsplash.com/photo-1594502184342-2e12f877aa73?w=500&auto=format&fit=crop&q=60&ixlib=rb-4.1.0&ixid=M3wxMjA3fDB8MHxzZWFyY2h8NDd8fHBvcnNjaGUlMjA5MTF8ZW58MHx8MHx8fDA%3D	Cars	2025-07-11 12:17:15.17294+00	1
1125	Cars Image 8	https://images.unsplash.com/photo-1614162698829-831e2a7ca28c?w=500&auto=format&fit=crop&q=60&ixlib=rb-4.1.0&ixid=M3wxMjA3fDB8MHxzZWFyY2h8NTh8fHBvcnNjaGUlMjA5MTF8ZW58MHx8MHx8fDA%3D	Cars	2025-07-11 12:17:15.175118+00	1
1126	Cars Image 9	https://images.unsplash.com/photo-1612593968469-d44a2e6ab5d2?w=500&auto=format&fit=crop&q=60&ixlib=rb-4.1.0&ixid=M3wxMjA3fDB8MHxzZWFyY2h8Mnx8c3Bva2V8ZW58MHx8MHx8fDA%3D	Cars	2025-07-11 12:17:15.177413+00	1
1127	Nature Image 1	https://plus.unsplash.com/premium_photo-1673292293042-cafd9c8a3ab3?w=500&auto=format&fit=crop&q=60&ixlib=rb-4.1.0&ixid=M3wxMjA3fDB8MHxzZWFyY2h8MXx8bmF0dXJlfGVufDB8fDB8fHww	Nature	2025-07-11 12:17:15.179705+00	1
1128	Nature Image 2	https://images.unsplash.com/photo-1472396961693-142e6e269027?w=500&auto=format&fit=crop&q=60&ixlib=rb-4.1.0&ixid=M3wxMjA3fDB8MHxzZWFyY2h8NHx8bmF0dXJlfGVufDB8fDB8fHww	Nature	2025-07-11 12:17:15.181734+00	1
1129	Nature Image 3	https://images.unsplash.com/photo-1518495973542-4542c06a5843?w=500&auto=format&fit=crop&q=60&ixlib=rb-4.1.0&ixid=M3wxMjA3fDB8MHxzZWFyY2h8M3x8bmF0dXJlfGVufDB8fDB8fHww	Nature	2025-07-11 12:17:15.183796+00	1
1130	Nature Image 4	https://images.unsplash.com/photo-1513836279014-a89f7a76ae86?w=500&auto=format&fit=crop&q=60&ixlib=rb-4.1.0&ixid=M3wxMjA3fDB8MHxzZWFyY2h8MTF8fG5hdHVyZXxlbnwwfHwwfHx8MA%3D%3D	Nature	2025-07-11 12:17:15.185827+00	1
1131	Nature Image 5	https://images.unsplash.com/photo-1505142468610-359e7d316be0?w=500&auto=format&fit=crop&q=60&ixlib=rb-4.1.0&ixid=M3wxMjA3fDB8MHxzZWFyY2h8MTZ8fG5hdHVyZXxlbnwwfHwwfHx8MA%3D%3D	Nature	2025-07-11 12:17:15.187823+00	1
1132	Nature Image 6	https://images.unsplash.com/photo-1518173946687-a4c8892bbd9f?w=500&auto=format&fit=crop&q=60&ixlib=rb-4.1.0&ixid=M3wxMjA3fDB8MHxzZWFyY2h8MTl8fG5hdHVyZXxlbnwwfHwwfHx8MA%3D%3D	Nature	2025-07-11 12:17:15.189847+00	1
1133	Nature Image 7	https://images.unsplash.com/photo-1530908295418-a12e326966ba?w=500&auto=format&fit=crop&q=60&ixlib=rb-4.1.0&ixid=M3wxMjA3fDB8MHxzZWFyY2h8MzF8fG5hdHVyZXxlbnwwfHwwfHx8MA%3D%3D	Nature	2025-07-11 12:17:15.191807+00	1
1134	Nature Image 8	https://images.unsplash.com/photo-1504893524553-b855bce32c67?w=500&auto=format&fit=crop&q=60&ixlib=rb-4.1.0&ixid=M3wxMjA3fDB8MHxzZWFyY2h8MzV8fG5hdHVyZXxlbnwwfHwwfHx8MA%3D%3D	Nature	2025-07-11 12:17:15.194101+00	1
1135	Nature Image 9	https://images.unsplash.com/photo-1520716497194-0bde97ce9abe?w=500&auto=format&fit=crop&q=60&ixlib=rb-4.1.0&ixid=M3wxMjA3fDB8MHxzZWFyY2h8NTB8fG5hdHVyZXxlbnwwfHwwfHx8MA%3D%3D	Nature	2025-07-11 12:17:15.198105+00	1
1136	Nature Image 10	https://plus.unsplash.com/premium_photo-1669741909413-08072ccaedde?w=500&auto=format&fit=crop&q=60&ixlib=rb-4.1.0&ixid=M3wxMjA3fDB8MHxzZWFyY2h8NDV8fG5hdHVyZXxlbnwwfHwwfHx8MA%3D%3D	Nature	2025-07-11 12:17:15.20058+00	1
1137	Nature Image 11	https://images.unsplash.com/photo-1499980762202-04245017d5bf?w=500&auto=format&fit=crop&q=60&ixlib=rb-4.1.0&ixid=M3wxMjA3fDB8MHxzZWFyY2h8NTR8fG5hdHVyZXxlbnwwfHwwfHx8MA%3D%3D	Nature	2025-07-11 12:17:15.202656+00	1
1138	Nature Image 12	https://images.unsplash.com/photo-1503756234508-e32369269deb?w=500&auto=format&fit=crop&q=60&ixlib=rb-4.1.0&ixid=M3wxMjA3fDB8MHxzZWFyY2h8MTZ8fHNlYXxlbnwwfHwwfHx8MA%3D%3D	Nature	2025-07-11 12:17:15.204552+00	1
1139	Nature Image 13	https://images.unsplash.com/photo-1491378630646-3440efa57c3b?w=500&auto=format&fit=crop&q=60&ixlib=rb-4.1.0&ixid=M3wxMjA3fDB8MHxzZWFyY2h8MTR8fHNlYXxlbnwwfHwwfHx8MA%3D%3D	Nature	2025-07-11 12:17:15.20647+00	1
1140	Nature Image 14	https://images.unsplash.com/photo-1483683804023-6ccdb62f86ef?w=500&auto=format&fit=crop&q=60&ixlib=rb-4.1.0&ixid=M3wxMjA3fDB8MHxzZWFyY2h8MjB8fHNlYXxlbnwwfHwwfHx8MA%3D%3D	Nature	2025-07-11 12:17:15.2086+00	1
1141	God Image 1	https://plus.unsplash.com/premium_photo-1676111258345-d37b0aa20c72?w=500&auto=format&fit=crop&q=60&ixlib=rb-4.1.0&ixid=M3wxMjA3fDB8MHxzZWFyY2h8MXx8aW5kaWFuJTIwZ29kc3xlbnwwfHwwfHx8MA%3D%3D	God	2025-07-11 12:17:15.211032+00	1
1142	God Image 2	https://plus.unsplash.com/premium_photo-1669863266283-557f9e170d85?w=500&auto=format&fit=crop&q=60&ixlib=rb-4.1.0&ixid=M3wxMjA3fDB8MHxzZWFyY2h8NXx8aW5kaWFuJTIwZ29kc3xlbnwwfHwwfHx8MA%3D%3D	God	2025-07-11 12:17:15.213349+00	1
1143	God Image 3	https://images.unsplash.com/photo-1696236884442-ff2cae874732?w=500&auto=format&fit=crop&q=60&ixlib=rb-4.1.0&ixid=M3wxMjA3fDB8MHxzZWFyY2h8OHx8aW5kaWFuJTIwZ29kc3xlbnwwfHwwfHx8MA%3D%3D	God	2025-07-11 12:17:15.215362+00	1
1144	God Image 4	https://plus.unsplash.com/premium_photo-1674898513939-10e6334cac31?w=500&auto=format&fit=crop&q=60&ixlib=rb-4.1.0&ixid=M3wxMjA3fDB8MHxzZWFyY2h8OXx8aW5kaWFuJTIwZ29kc3xlbnwwfHwwfHx8MA%3D%3D	God	2025-07-11 12:17:15.217399+00	1
1145	God Image 5	https://plus.unsplash.com/premium_photo-1691031427655-99516641f4c4?w=500&auto=format&fit=crop&q=60&ixlib=rb-4.1.0&ixid=M3wxMjA3fDB8MHxzZWFyY2h8NDl8fGluZGlhbiUyMGdvZHN8ZW58MHx8MHx8fDA%3D	God	2025-07-11 12:17:15.219672+00	1
1146	God Image 6	https://plus.unsplash.com/premium_photo-1678303396253-72e9f330baae?w=500&auto=format&fit=crop&q=60&ixlib=rb-4.1.0&ixid=M3wxMjA3fDB8MHxzZWFyY2h8NjF8fGluZGlhbiUyMGdvZHN8ZW58MHx8MHx8fDA%3D	God	2025-07-11 12:17:15.222699+00	1
1147	God Image 7	https://images.unsplash.com/photo-1735655564990-dda7b376cc4b?w=500&auto=format&fit=crop&q=60&ixlib=rb-4.1.0&ixid=M3wxMjA3fDB8MHxzZWFyY2h8NjJ8fGluZGlhbiUyMGdvZHN8ZW58MHx8MHx8fDA%3D	God	2025-07-11 12:17:15.22495+00	1
1148	God Image 8	https://images.unsplash.com/photo-1695454432457-903f1dbb3684?w=500&auto=format&fit=crop&q=60&ixlib=rb-4.1.0&ixid=M3wxMjA3fDB8MHxzZWFyY2h8Njd8fGluZGlhbiUyMGdvZHN8ZW58MHx8MHx8fDA%3D	God	2025-07-11 12:17:15.226922+00	1
1149	God Image 9	https://images.unsplash.com/photo-1731363120274-320c92f06e3a?w=500&auto=format&fit=crop&q=60&ixlib=rb-4.1.0&ixid=M3wxMjA3fDB8MHxzZWFyY2h8ODJ8fGluZGlhbiUyMGdvZHN8ZW58MHx8MHx8fDA%3D	God	2025-07-11 12:17:15.228957+00	1
1150	God Image 10	https://images.unsplash.com/photo-1616377009507-c8111f07aced?w=500&auto=format&fit=crop&q=60&ixlib=rb-4.1.0&ixid=M3wxMjA3fDB8MHxzZWFyY2h8OTl8fGluZGlhbiUyMGdvZHN8ZW58MHx8MHx8fDA%3D	God	2025-07-11 12:17:15.23081+00	1
1151	God Image 11	https://images.unsplash.com/photo-1523878291631-87283277f717?w=500&auto=format&fit=crop&q=60&ixlib=rb-4.1.0&ixid=M3wxMjA3fDB8MHxzZWFyY2h8M3x8amVzdXN8ZW58MHx8MHx8fDA%3D	God	2025-07-11 12:17:15.232897+00	1
1152	God Image 12	https://plus.unsplash.com/premium_photo-1680266015910-9b454373e340?w=500&auto=format&fit=crop&q=60&ixlib=rb-4.1.0&ixid=M3wxMjA3fDB8MHxzZWFyY2h8MTN8fGplc3VzfGVufDB8fDB8fHww	God	2025-07-11 12:17:15.234852+00	1
1153	God Image 13	https://images.unsplash.com/photo-1624884252467-9e57b4b0f751?w=500&auto=format&fit=crop&q=60&ixlib=rb-4.1.0&ixid=M3wxMjA3fDB8MHxzZWFyY2h8MTR8fGplc3VzfGVufDB8fDB8fHww	God	2025-07-11 12:17:15.236616+00	1
1154	Quotes Image 1	https://images.unsplash.com/photo-1569229569803-69384f5efa83?w=500&auto=format&fit=crop&q=60&ixlib=rb-4.1.0&ixid=M3wxMjA3fDB8MHxzZWFyY2h8MTV8fHF1b3Rlc3xlbnwwfHwwfHx8MA%3D%3D	Quotes	2025-07-11 12:17:15.238426+00	1
1155	Quotes Image 2	https://images.unsplash.com/photo-1528716321680-815a8cdb8cbe?w=500&auto=format&fit=crop&q=60&ixlib=rb-4.1.0&ixid=M3wxMjA3fDB8MHxzZWFyY2h8Mnx8aW5zcGlyYXRpb258ZW58MHx8MHx8fDA%3D	Quotes	2025-07-11 12:17:15.240148+00	1
1156	Quotes Image 3	https://plus.unsplash.com/premium_photo-1671599016130-7882dbff302f?w=500&auto=format&fit=crop&q=60&ixlib=rb-4.1.0&ixid=M3wxMjA3fDB8MHxzZWFyY2h8NXx8aW5zcGlyYXRpb258ZW58MHx8MHx8fDA%3D	Quotes	2025-07-11 12:17:15.241931+00	1
1157	Quotes Image 4	https://images.unsplash.com/photo-1529310399831-ed472b81d589?w=500&auto=format&fit=crop&q=60&ixlib=rb-4.1.0&ixid=M3wxMjA3fDB8MHxzZWFyY2h8MjB8fGluc3BpcmF0aW9ufGVufDB8fDB8fHww	Quotes	2025-07-11 12:17:15.244679+00	1
1158	Quotes Image 5	https://images.unsplash.com/photo-1535981767287-35259dbf7d0e?w=500&auto=format&fit=crop&q=60&ixlib=rb-4.1.0&ixid=M3wxMjA3fDB8MHxzZWFyY2h8MTl8fGluc3BpcmF0aW9ufGVufDB8fDB8fHww	Quotes	2025-07-11 12:17:15.247762+00	1
1159	Quotes Image 6	https://images.unsplash.com/photo-1722491713967-388b8aee8066?w=500&auto=format&fit=crop&q=60&ixlib=rb-4.1.0&ixid=M3wxMjA3fDB8MHxzZWFyY2h8NHx8bG92ZSUyMHF1b3Rlc3xlbnwwfHwwfHx8MA%3D%3D	Quotes	2025-07-11 12:17:15.249944+00	1
1160	Quotes Image 7	https://plus.unsplash.com/premium_photo-1685746382185-0204246bb4d2?w=500&auto=format&fit=crop&q=60&ixlib=rb-4.1.0&ixid=M3wxMjA3fDB8MHxzZWFyY2h8NXx8bG92ZSUyMHF1b3Rlc3xlbnwwfHwwfHx8MA%3D%3D	Quotes	2025-07-11 12:17:15.251918+00	1
1161	Quotes Image 8	https://images.unsplash.com/photo-1534515729281-5ddf2c470538?w=500&auto=format&fit=crop&q=60&ixlib=rb-4.1.0&ixid=M3wxMjA3fDB8MHxzZWFyY2h8MTR8fGxvdmUlMjBxdW90ZXN8ZW58MHx8MHx8fDA%3D	Quotes	2025-07-11 12:17:15.253928+00	1
1162	Quotes Image 9	https://images.unsplash.com/photo-1528716321680-815a8cdb8cbe?w=500&auto=format&fit=crop&q=60&ixlib=rb-4.1.0&ixid=M3wxMjA3fDB8MHxzZWFyY2h8MTJ8fGxvdmUlMjBxdW90ZXN8ZW58MHx8MHx8fDA%3D	Quotes	2025-07-11 12:17:15.255929+00	1
1163	Quotes Image 10	https://images.unsplash.com/photo-1584771306698-5b60fc128cc7?w=500&auto=format&fit=crop&q=60&ixlib=rb-4.1.0&ixid=M3wxMjA3fDB8MHxzZWFyY2h8MTh8fGxvdmUlMjBxdW90ZXN8ZW58MHx8MHx8fDA%3D	Quotes	2025-07-11 12:17:15.25793+00	1
1164	Quotes Image 11	https://images.unsplash.com/photo-1518895949257-7621c3c786d7?w=500&auto=format&fit=crop&q=60&ixlib=rb-4.1.0&ixid=M3wxMjA3fDB8MHxzZWFyY2h8MzZ8fGxvdmUlMjBxdW90ZXN8ZW58MHx8MHx8fDA%3D	Quotes	2025-07-11 12:17:15.260339+00	1
1165	Quotes Image 12	https://images.unsplash.com/photo-1592211951067-6c3ce19cca90?w=500&auto=format&fit=crop&q=60&ixlib=rb-4.1.0&ixid=M3wxMjA3fDB8MHxzZWFyY2h8NDd8fGxvdmUlMjBxdW90ZXN8ZW58MHx8MHx8fDA%3D	Quotes	2025-07-11 12:17:15.26249+00	1
1166	Quotes Image 13	https://plus.unsplash.com/premium_photo-1673716788638-2830d1c98405?w=500&auto=format&fit=crop&q=60&ixlib=rb-4.1.0&ixid=M3wxMjA3fDB8MHxzZWFyY2h8NTN8fGxvdmUlMjBxdW90ZXN8ZW58MHx8MHx8fDA%3D	Quotes	2025-07-11 12:17:15.264557+00	1
1167	Flights Image 1	https://images.unsplash.com/photo-1652027324368-51e51464e527?w=500&auto=format&fit=crop&q=60&ixlib=rb-4.1.0&ixid=M3wxMjA3fDB8MHxzZWFyY2h8Mnx8ZmxpZ2h0c3xlbnwwfHwwfHx8MA%3D%3D	Flights	2025-07-11 12:17:15.266585+00	1
1168	Flights Image 2	https://plus.unsplash.com/premium_photo-1679758629496-a1881a92f14c?w=500&auto=format&fit=crop&q=60&ixlib=rb-4.1.0&ixid=M3wxMjA3fDB8MHxzZWFyY2h8MTN8fGZsaWdodHN8ZW58MHx8MHx8fDA%3D	Flights	2025-07-11 12:17:15.268497+00	1
1169	Flights Image 3	https://images.unsplash.com/photo-1633530786952-e81fa893fcca?w=500&auto=format&fit=crop&q=60&ixlib=rb-4.1.0&ixid=M3wxMjA3fDB8MHxzZWFyY2h8MTl8fGZsaWdodHN8ZW58MHx8MHx8fDA%3D	Flights	2025-07-11 12:17:15.270491+00	1
1170	Flights Image 4	https://plus.unsplash.com/premium_photo-1679830513886-e09cd6dc3137?w=500&auto=format&fit=crop&q=60&ixlib=rb-4.1.0&ixid=M3wxMjA3fDB8MHxzZWFyY2h8MTd8fGZsaWdodHN8ZW58MHx8MHx8fDA%3D	Flights	2025-07-11 12:17:15.272453+00	1
1171	Flights Image 5	https://plus.unsplash.com/premium_photo-1674343000769-204bb2026a8c?w=500&auto=format&fit=crop&q=60&ixlib=rb-4.1.0&ixid=M3wxMjA3fDB8MHxzZWFyY2h8MjV8fGZsaWdodHN8ZW58MHx8MHx8fDA%3D	Flights	2025-07-11 12:17:15.274396+00	1
1172	Flights Image 6	https://plus.unsplash.com/premium_photo-1679830513873-5f9163fcc04a?w=500&auto=format&fit=crop&q=60&ixlib=rb-4.1.0&ixid=M3wxMjA3fDB8MHxzZWFyY2h8Mjl8fGZsaWdodHN8ZW58MHx8MHx8fDA%3D	Flights	2025-07-11 12:17:15.276919+00	1
1173	Flights Image 7	https://images.unsplash.com/photo-1700062003404-5a885e5c2c79?w=500&auto=format&fit=crop&q=60&ixlib=rb-4.1.0&ixid=M3wxMjA3fDB8MHxzZWFyY2h8Mzh8fGZsaWdodHN8ZW58MHx8MHx8fDA%3D	Flights	2025-07-11 12:17:15.279311+00	1
1174	Flights Image 8	https://images.unsplash.com/photo-1652027324964-4ec96647104b?w=500&auto=format&fit=crop&q=60&ixlib=rb-4.1.0&ixid=M3wxMjA3fDB8MHxzZWFyY2h8Mzl8fGZsaWdodHN8ZW58MHx8MHx8fDA%3D	Flights	2025-07-11 12:17:15.281391+00	1
1175	Flights Image 9	https://plus.unsplash.com/premium_photo-1679830513880-67584d7327e2?w=500&auto=format&fit=crop&q=60&ixlib=rb-4.1.0&ixid=M3wxMjA3fDB8MHxzZWFyY2h8NTN8fGZsaWdodHN8ZW58MHx8MHx8fDA%3D	Flights	2025-07-11 12:17:15.283422+00	1
1176	Flights Image 10	https://images.unsplash.com/photo-1658476293101-4181a2afc8f4?w=500&auto=format&fit=crop&q=60&ixlib=rb-4.1.0&ixid=M3wxMjA3fDB8MHxzZWFyY2h8NjB8fGZsaWdodHN8ZW58MHx8MHx8fDA%3D	Flights	2025-07-11 12:17:15.285457+00	1
1177	Flights Image 11	https://images.unsplash.com/photo-1654340733423-f20ac28ae470?w=500&auto=format&fit=crop&q=60&ixlib=rb-4.1.0&ixid=M3wxMjA3fDB8MHxzZWFyY2h8Nzh8fGZsaWdodHN8ZW58MHx8MHx8fDA%3D	Flights	2025-07-11 12:17:15.287507+00	1
1178	Flights Image 12	https://images.unsplash.com/photo-1723137664649-3bb988fc221d?w=500&auto=format&fit=crop&q=60&ixlib=rb-4.1.0&ixid=M3wxMjA3fDB8MHxzZWFyY2h8ODZ8fGZsaWdodHN8ZW58MHx8MHx8fDA%3D	Flights	2025-07-11 12:17:15.289512+00	1
1179	Flights Image 13	https://images.unsplash.com/photo-1716747936903-2de320700fed?w=500&auto=format&fit=crop&q=60&ixlib=rb-4.1.0&ixid=M3wxMjA3fDB8MHxzZWFyY2h8MTl8fHFhdGFyJTIwZmxpZ2h0c3xlbnwwfHwwfHx8MA%3D%3D	Flights	2025-07-11 12:17:15.291733+00	1
1180	Flights Image 14	https://images.unsplash.com/photo-1579373849326-d484661bcbc0?w=500&auto=format&fit=crop&q=60&ixlib=rb-4.1.0&ixid=M3wxMjA3fDB8MHxzZWFyY2h8MzF8fGVtaXJhdGVzJTIwZmxpZ2h0c3xlbnwwfHwwfHx8MA%3D%3D	Flights	2025-07-11 12:17:15.294146+00	1
1181	Flights Image 15	https://images.unsplash.com/photo-1563781621701-3bff605f29af?w=500&auto=format&fit=crop&q=60&ixlib=rb-4.1.0&ixid=M3wxMjA3fDB8MHxzZWFyY2h8MTB8fGluZGlnbyUyMGZsaWdodHN8ZW58MHx8MHx8fDA%3D	Flights	2025-07-11 12:17:15.296581+00	1
1182	Flights Image 16	https://images.unsplash.com/photo-1643196832596-0a4e24ddae10?w=500&auto=format&fit=crop&q=60&ixlib=rb-4.1.0&ixid=M3wxMjA3fDB8MHxzZWFyY2h8NDN8fGluZGlnbyUyMGZsaWdodHN8ZW58MHx8MHx8fDA%3D	Flights	2025-07-11 12:17:15.29875+00	1
1183	Interior Design Image 1	https://images.unsplash.com/photo-1751908934325-5be793566bcc?w=500&auto=format&fit=crop&q=60	Interior Design	2025-07-11 12:17:15.300792+00	1
1184	Interior Design Image 2	https://images.unsplash.com/photo-1748875343539-9e1099eb3557?w=500&auto=format&fit=crop&q=60	Interior Design	2025-07-11 12:17:15.302807+00	1
1185	Interior Design Image 3	https://images.unsplash.com/photo-1738269504472-b700caf91e64?w=500&auto=format&fit=crop&q=60	Interior Design	2025-07-11 12:17:15.304806+00	1
1186	Interior Design Image 4	https://images.unsplash.com/photo-1750045662226-e7d7bf61b87b?w=500&auto=format&fit=crop&q=60	Interior Design	2025-07-11 12:17:15.306705+00	1
1187	Interior Design Image 5	https://images.unsplash.com/photo-1748940149370-6c298e876eb6?w=500&auto=format&fit=crop&q=60	Interior Design	2025-07-11 12:17:15.308846+00	1
1188	Interior Design Image 6	https://images.unsplash.com/photo-1589834390005-5d4fb9bf3d32?w=500&auto=format&fit=crop&q=60	Interior Design	2025-07-11 12:17:15.311176+00	1
1189	Interior Design Image 7	https://plus.unsplash.com/premium_photo-1746517836352-19897cb84a05?w=500&auto=format&fit=crop&q=60	Interior Design	2025-07-11 12:17:15.313461+00	1
1190	Interior Design Image 8	https://images.unsplash.com/photo-1746344331056-68fa7f2c53ca?w=500&auto=format&fit=crop&q=60	Interior Design	2025-07-11 12:17:15.31541+00	1
1191	Interior Design Image 9	https://images.unsplash.com/photo-1737103515460-7c5f2751bb77?w=500&auto=format&fit=crop&q=60	Interior Design	2025-07-11 12:17:15.317376+00	1
1192	Interior Design Image 10	https://images.unsplash.com/photo-1712878696627-fd59c375dbb1?w=500&auto=format&fit=crop&q=60	Interior Design	2025-07-11 12:17:15.319357+00	1
1193	Cricket Image 1	https://images.unsplash.com/photo-1692985300056-a021e5a5386d?w=500&auto=format&fit=crop&q=60	Cricket	2025-07-11 12:17:15.321415+00	1
1194	Cricket Image 2	https://images.unsplash.com/photo-1723394212824-a59ce1e2f09a?w=500&auto=format&fit=crop&q=60	Cricket	2025-07-11 12:17:15.323487+00	1
1195	Cricket Image 3	https://images.unsplash.com/photo-1650046268622-1fb2f6e47120?w=500&auto=format&fit=crop&q=60	Cricket	2025-07-11 12:17:15.325531+00	1
1196	Cricket Image 4	https://images.unsplash.com/photo-1722326836324-a04ef7517901?w=500&auto=format&fit=crop&q=60	Cricket	2025-07-11 12:17:15.328343+00	1
1197	Cricket Image 5	https://images.unsplash.com/photo-1565787154274-c8d076ad34e7?w=500&auto=format&fit=crop&q=60	Cricket	2025-07-11 12:17:15.331079+00	1
1198	Cricket Image 6	https://plus.unsplash.com/premium_photo-1721963697075-b79e3f7c82e5?w=500&auto=format&fit=crop&q=60	Cricket	2025-07-11 12:17:15.333104+00	1
1199	Cricket Image 7	https://images.unsplash.com/photo-1624897174291-1bd715e371d5?w=500&auto=format&fit=crop&q=60	Cricket	2025-07-11 12:17:15.335191+00	1
1200	Cricket Image 8	https://images.unsplash.com/photo-1709233955671-916205d8d926?w=500&auto=format&fit=crop&q=60	Cricket	2025-07-11 12:17:15.337319+00	1
1201	Cricket Image 9	https://images.unsplash.com/photo-1709134801121-edb7bda74677?w=500&auto=format&fit=crop&q=60	Cricket	2025-07-11 12:17:15.339373+00	1
1202	Cricket Image 10	https://images.unsplash.com/photo-1743343179111-c76040fd2b50?w=500&auto=format&fit=crop&q=60	Cricket	2025-07-11 12:17:15.341397+00	1
1203	Cricket Image 11	https://plus.unsplash.com/premium_photo-1721963697334-085876a0d206?w=500&auto=format&fit=crop&q=60	Cricket	2025-07-11 12:17:15.343532+00	1
1204	Cricket Image 12	https://images.unsplash.com/photo-1610450294178-f1e30562db21?w=500&auto=format&fit=crop&q=60	Cricket	2025-07-11 12:17:15.345906+00	1
1205	Cricket Image 13	https://images.unsplash.com/photo-1565787113569-be8aa6f5da41?w=500&auto=format&fit=crop&q=60	Cricket	2025-07-11 12:17:15.348149+00	1
1206	Animal Image 1	https://plus.unsplash.com/premium_photo-1666278379770-440439b08656?w=500&auto=format&fit=crop&q=60	Animals	2025-07-11 12:17:15.350095+00	1
1207	Animal Image 2	https://images.unsplash.com/photo-1529778873920-4da4926a72c2?w=500&auto=format&fit=crop&q=60	Animals	2025-07-11 12:17:15.352094+00	1
1208	Animal Image 3	https://plus.unsplash.com/premium_photo-1669725687221-6fe12c2da6b1?w=500&auto=format&fit=crop&q=60	Animals	2025-07-11 12:17:15.354025+00	1
1209	Animal Image 4	https://images.unsplash.com/photo-1591824438708-ce405f36ba3d?w=500&auto=format&fit=crop&q=60	Animals	2025-07-11 12:17:15.355984+00	1
1210	Animal Image 5	https://images.unsplash.com/photo-1484406566174-9da000fda645?w=500&auto=format&fit=crop&q=60	Animals	2025-07-11 12:17:15.35803+00	1
1211	Animal Image 6	https://plus.unsplash.com/premium_photo-1669725687150-15c603ac6a73?w=500&auto=format&fit=crop&q=60	Animals	2025-07-11 12:17:15.360093+00	1
1212	Animal Image 7	https://images.unsplash.com/photo-1574068468668-a05a11f871da?w=500&auto=format&fit=crop&q=60	Animals	2025-07-11 12:17:15.363285+00	1
1213	Animal Image 8	https://images.unsplash.com/photo-1519664824562-b4bc73f9795a?w=500&auto=format&fit=crop&q=60	Animals	2025-07-11 12:17:15.365418+00	1
1214	Animal Image 9	https://images.unsplash.com/photo-1583337130417-3346a1be7dee?w=500&auto=format&fit=crop&q=60	Animals	2025-07-11 12:17:15.367296+00	1
1215	Animal Image 10	https://images.unsplash.com/photo-1585110396000-c9ffd4e4b308?w=500&auto=format&fit=crop&q=60	Animals	2025-07-11 12:17:15.369565+00	1
1216	Animal Image 11	https://images.unsplash.com/photo-1536514900905-0d5511b9d489?w=500&auto=format&fit=crop&q=60	Animals	2025-07-11 12:17:15.371659+00	1
1217	Animal Image 12	https://images.unsplash.com/photo-1587213128862-80345e23a71a?w=500&auto=format&fit=crop&q=60	Animals	2025-07-11 12:17:15.373911+00	1
1218	Animal Image 13	https://images.unsplash.com/photo-1554490828-442467b562dd?w=500&auto=format&fit=crop&q=60	Animals	2025-07-11 12:17:15.375952+00	1
1219	Animal Image 14	https://images.unsplash.com/photo-1557008075-7f2c5efa4cfd?w=500&auto=format&fit=crop&q=60	Animals	2025-07-11 12:17:15.378291+00	1
1220	Animal Image 15	https://plus.unsplash.com/premium_photo-1687773505806-468b916d0962?w=500&auto=format&fit=crop&q=60	Animals	2025-07-11 12:17:15.380874+00	1
1221	Animal Image 16	https://images.unsplash.com/photo-1570527140771-020891229bb4?w=500&auto=format&fit=crop&q=60	Animals	2025-07-11 12:17:15.382898+00	1
1222	Animal Image 17	https://images.unsplash.com/photo-1511617789198-7618974100b4?w=500&auto=format&fit=crop&q=60	Animals	2025-07-11 12:17:15.384859+00	1
1223	Animal Image 18	https://images.unsplash.com/photo-1583499871880-de841d1ace2a?w=500&auto=format&fit=crop&q=60	Animals	2025-07-11 12:17:15.386778+00	1
1224	Animal Image 19	https://images.unsplash.com/photo-1534832847687-ed24b3a9d3ee?w=500&auto=format&fit=crop&q=60	Animals	2025-07-11 12:17:15.38886+00	1
1225	Animal Image 20	https://plus.unsplash.com/premium_photo-1667760701811-e61a571c021e?w=500&auto=format&fit=crop&q=60	Animals	2025-07-11 12:17:15.390779+00	1
1226	Hair Style 1	https://plus.unsplash.com/premium_photo-1661587329310-dff2888a7e6d?w=500&auto=format&fit=crop&q=60	Hair Styles	2025-07-11 12:17:15.392849+00	1
1227	Hair Style 2	https://images.unsplash.com/photo-1558487661-9d4f01e2ad64?w=500&auto=format&fit=crop&q=60	Hair Styles	2025-07-11 12:17:15.394954+00	1
1228	Hair Style 3	https://images.unsplash.com/photo-1527082395-e939b847da0d?w=500&auto=format&fit=crop&q=60	Hair Styles	2025-07-11 12:17:15.397201+00	1
1229	Hair Style 4	https://images.unsplash.com/photo-1568339434343-2a640a1a9946?w=500&auto=format&fit=crop&q=60	Hair Styles	2025-07-11 12:17:15.399082+00	1
1230	Hair Style 5	https://images.unsplash.com/photo-1560869713-7d0a29430803?w=500&auto=format&fit=crop&q=60	Hair Styles	2025-07-11 12:17:15.400951+00	1
1231	Hair Style 6	https://images.unsplash.com/photo-1713548902214-bd930728bd89?w=500&auto=format&fit=crop&q=60	Hair Styles	2025-07-11 12:17:15.402778+00	1
1232	Hair Style 7	https://images.unsplash.com/photo-1654097800369-abc063d657c4?w=500&auto=format&fit=crop&q=60	Hair Styles	2025-07-11 12:17:15.4046+00	1
1233	Hair Style 8	https://images.unsplash.com/photo-1549236177-ca2f08365400?w=500&auto=format&fit=crop&q=60	Hair Styles	2025-07-11 12:17:15.406387+00	1
1234	Hair Style 9	https://images.unsplash.com/photo-1599351431202-1e0f0137899a?w=500&auto=format&fit=crop&q=60	Hair Styles	2025-07-11 12:17:15.408191+00	1
1235	Hair Style 10	https://images.unsplash.com/photo-1605497787865-e6d4762b386f?w=500&auto=format&fit=crop&q=60	Hair Styles	2025-07-11 12:17:15.410592+00	1
1236	Hair Style 11	https://images.unsplash.com/photo-1605497788044-5a32c7078486?w=500&auto=format&fit=crop&q=60	Hair Styles	2025-07-11 12:17:15.414135+00	1
1237	Hair Style 12	https://images.unsplash.com/photo-1492106087820-71f1a00d2b11?w=500&auto=format&fit=crop&q=60	Hair Styles	2025-07-11 12:17:15.416521+00	1
1238	Tradition Image 1	https://images.unsplash.com/photo-1588175768004-4e8a770cc099?w=500&auto=format&fit=crop&q=60	Tradition	2025-07-11 12:17:15.418519+00	1
1239	Tradition Image 2	https://images.unsplash.com/photo-1666975897529-e93c0edbeaae?w=500&auto=format&fit=crop&q=60	Tradition	2025-07-11 12:17:15.420607+00	1
1442	wall	https://t4.ftcdn.net/jpg/07/23/14/93/240_F_723149335_tA0Fo8zefrHzYlSgXRMYHmBQk7CuWrRd.jpg	Wallpaper	2025-07-17 08:54:00.306587+00	14
1240	Tradition Image 3	https://images.unsplash.com/photo-1627615951531-cfe7c4628dca?w=500&auto=format&fit=crop&q=60	Tradition	2025-07-11 12:17:15.422506+00	1
1241	Tradition Image 4	https://images.unsplash.com/photo-1722440044170-8df784901428?w=500&auto=format&fit=crop&q=60	Tradition	2025-07-11 12:17:15.424467+00	1
1242	Tradition Image 5	https://images.unsplash.com/photo-1743757452117-936ea69be6af?w=500&auto=format&fit=crop&q=60	Tradition	2025-07-11 12:17:15.426644+00	1
1243	Tradition Image 6	https://images.unsplash.com/photo-1743750176709-b46a3b10fdf6?w=500&auto=format&fit=crop&q=60	Tradition	2025-07-11 12:17:15.429054+00	1
1244	Tradition Image 7	https://images.unsplash.com/photo-1609351231656-9285d74d363d?w=500&auto=format&fit=crop&q=60	Tradition	2025-07-11 12:17:15.431462+00	1
1245	Tradition Image 8	https://images.unsplash.com/photo-1665115237228-a54d2de1e7bf?w=500&auto=format&fit=crop&q=60	Tradition	2025-07-11 12:17:15.433407+00	1
1246	Tradition Image 9	https://images.unsplash.com/photo-1641279762487-33beaaf68775?w=500&auto=format&fit=crop&q=60	Tradition	2025-07-11 12:17:15.435375+00	1
1247	Tradition Image 10	https://images.unsplash.com/photo-1730130596425-197566414dc4?w=500&auto=format&fit=crop&q=60	Tradition	2025-07-11 12:17:15.437418+00	1
1248	Tradition Image 11	https://plus.unsplash.com/premium_photo-1669977749936-1343d0b0b4d9?w=500&auto=format&fit=crop&q=60	Tradition	2025-07-11 12:17:15.439547+00	1
1249	Tradition Image 12	https://plus.unsplash.com/premium_photo-1729038877065-3468bead921f?w=500&auto=format&fit=crop&q=60	Tradition	2025-07-11 12:17:15.441818+00	1
1250	Tradition Image 13	https://images.unsplash.com/photo-1605366721580-d69cc94b5b9c?w=500&auto=format&fit=crop&q=60	Tradition	2025-07-11 12:17:15.444386+00	1
1251	Tradition Image 14	https://plus.unsplash.com/premium_photo-1720798648593-d47ef30eb141?w=500&auto=format&fit=crop&q=60	Tradition	2025-07-11 12:17:15.446376+00	1
1252	Tradition Image 15	https://images.unsplash.com/photo-1567530331069-630c6a3926f3?w=500&auto=format&fit=crop&q=60	Tradition	2025-07-11 12:17:15.448277+00	1
1253	Tradition Image 16	https://images.unsplash.com/photo-1647949940712-bfcf82015d9b?w=500&auto=format&fit=crop&q=60	Tradition	2025-07-11 12:17:15.449957+00	1
1254	Famous Place 1	https://images.unsplash.com/photo-1576542260349-626bf55262a8?w=500&auto=format&fit=crop&q=60	Famous	2025-07-11 12:17:15.451817+00	1
1255	Famous Place 2	https://images.unsplash.com/photo-1594507401263-b2d02b358a1c?w=500&auto=format&fit=crop&q=60	Famous	2025-07-11 12:17:15.453616+00	1
1256	Famous Place 3	https://images.unsplash.com/photo-1660492039984-0de3b0d6a1e6?w=500&auto=format&fit=crop&q=60	Famous	2025-07-11 12:17:15.455688+00	1
1257	Famous Place 4	https://images.unsplash.com/photo-1728871789921-c935147c7656?w=500&auto=format&fit=crop&q=60	Famous	2025-07-11 12:17:15.457797+00	1
1258	Famous Place 5	https://plus.unsplash.com/premium_photo-1724754604549-f48d1caab92a?w=500&auto=format&fit=crop&q=60	Famous	2025-07-11 12:17:15.460009+00	1
1259	Famous Place 6	https://images.unsplash.com/photo-1600617547873-90e10ac0d6f8?w=500&auto=format&fit=crop&q=60	Famous	2025-07-11 12:17:15.462434+00	1
1260	Famous Place 7	https://images.unsplash.com/photo-1728871789150-bfdd80dad395?w=500&auto=format&fit=crop&q=60	Famous	2025-07-11 12:17:15.464556+00	1
1261	Famous Place 8	https://images.unsplash.com/photo-1715649954217-7a6e43d70e0e?w=500&auto=format&fit=crop&q=60	Famous	2025-07-11 12:17:15.466651+00	1
1262	Famous Place 9	https://images.unsplash.com/photo-1724259622317-1ef9dafc7017?w=500&auto=format&fit=crop&q=60	Famous	2025-07-11 12:17:15.468707+00	1
1263	Famous Place 10	https://plus.unsplash.com/premium_photo-1701197631446-eef29c1d2c01?w=500&auto=format&fit=crop&q=60	Famous	2025-07-11 12:17:15.470849+00	1
1264	Famous Place 11	https://images.unsplash.com/photo-1549923015-22d03fbac451?w=500&auto=format&fit=crop&q=60	Famous	2025-07-11 12:17:15.472903+00	1
1265	Famous Place 12	https://images.unsplash.com/photo-1686896491979-fc66c1d1f1c9?w=500&auto=format&fit=crop&q=60	Famous	2025-07-11 12:17:15.474953+00	1
1266	Famous Place 13	https://images.unsplash.com/photo-1728808445616-17bd940b2d40?w=500&auto=format&fit=crop&q=60	Famous	2025-07-11 12:17:15.477203+00	1
1267	Famous Place 14	https://images.unsplash.com/photo-1665880751167-9c4996d6f4b5?w=500&auto=format&fit=crop&q=60	Famous	2025-07-11 12:17:15.47944+00	1
1268	Famous Place 15	https://plus.unsplash.com/premium_photo-1694475109634-8211f51c987b?w=500&auto=format&fit=crop&q=60	Famous	2025-07-11 12:17:15.481531+00	1
1269	Famous Place 16	https://plus.unsplash.com/premium_photo-1694475312678-a17437e723b5?w=500&auto=format&fit=crop&q=60	Famous	2025-07-11 12:17:15.483426+00	1
1270	Famous Place 17	https://images.unsplash.com/photo-1663918455395-49146be36cbb?w=500&auto=format&fit=crop&q=60	Famous	2025-07-11 12:17:15.48517+00	1
1271	Famous Place 18	https://images.unsplash.com/photo-1709260295527-611319fb212c?w=500&auto=format&fit=crop&q=60	Famous	2025-07-11 12:17:15.486907+00	1
1272	Famous Place 19	https://images.unsplash.com/photo-1701813937501-142771fa5dca?w=500&auto=format&fit=crop&q=60	Famous	2025-07-11 12:17:15.488634+00	1
1276	god	https://images.unsplash.com/photo-1561176162-0b01b0df76ed?w=500&auto=format&fit=crop&q=60&ixlib=rb-4.1.0&ixid=M3wxMjA3fDB8MHxzZWFyY2h8Nnx8aGluZHUlMjBnb2R8ZW58MHx8MHx8fDA%3D	God	2025-07-16 09:49:49.287398+00	16
1280	god	https://images.unsplash.com/photo-1740051965484-3df0aea74f66?w=500&auto=format&fit=crop&q=60&ixlib=rb-4.1.0&ixid=M3wxMjA3fDB8MHxzZWFyY2h8NzZ8fGhpbmR1JTIwZ29kfGVufDB8fDB8fHww	God	2025-07-16 09:53:36.162624+00	16
1284	god	https://images.unsplash.com/photo-1610273169395-47cd883b98ac?w=500&auto=format&fit=crop&q=60&ixlib=rb-4.1.0&ixid=M3wxMjA3fDB8MHxzZWFyY2h8MjA4fHxoaW5kdSUyMGdvZHxlbnwwfHwwfHx8MA%3D%3D	god	2025-07-16 09:59:14.801129+00	14
1288	flight	https://images.unsplash.com/photo-1725099428430-955c2f405646?w=500&auto=format&fit=crop&q=60&ixlib=rb-4.1.0&ixid=M3wxMjA3fDB8MHxzZWFyY2h8MTEyfHxmbGlnaHRzfGVufDB8fDB8fHww	Flights	2025-07-16 10:02:28.396913+00	14
1292	flight	https://images.unsplash.com/photo-1700692883566-c1941832499f?w=500&auto=format&fit=crop&q=60&ixlib=rb-4.1.0&ixid=M3wxMjA3fDB8MHxzZWFyY2h8MTM5fHxmbGlnaHRzfGVufDB8fDB8fHww	Flights	2025-07-16 10:03:36.373373+00	14
1296	flight	https://plus.unsplash.com/premium_photo-1679470449395-2ca5a934c5bc?w=500&auto=format&fit=crop&q=60&ixlib=rb-4.1.0&ixid=M3wxMjA3fDB8MHxzZWFyY2h8MjU3fHxmbGlnaHRzfGVufDB8fDB8fHww	Flights	2025-07-16 10:05:28.861544+00	14
1300	f	https://images.unsplash.com/photo-1722514473298-0edf8b1056ed?w=500&auto=format&fit=crop&q=60&ixlib=rb-4.1.0&ixid=M3wxMjA3fDB8MHxzZWFyY2h8Mjk0fHxmbGlnaHRzfGVufDB8fDB8fHww	Flights	2025-07-16 10:06:32.850428+00	14
1304	flight	https://images.unsplash.com/photo-1665991946545-9c676b7c8620?w=500&auto=format&fit=crop&q=60&ixlib=rb-4.1.0&ixid=M3wxMjA3fDB8MHxzZWFyY2h8MzE2fHxmbGlnaHRzfGVufDB8fDB8fHww	Flights	2025-07-16 10:07:30.523031+00	14
1308	samosa	https://images.unsplash.com/photo-1601050690597-df0568f70950?w=500&auto=format&fit=crop&q=60&ixlib=rb-4.1.0&ixid=M3wxMjA3fDB8MHxzZWFyY2h8MTR8fGluZGlhbiUyMGZvb2R8ZW58MHx8MHx8fDA%3D	Food	2025-07-16 10:09:58.290453+00	14
1377	place	https://images.unsplash.com/photo-1740469142694-a88e578bfbe4?w=500&auto=format&fit=crop&q=60&ixlib=rb-4.1.0&ixid=M3wxMjA3fDB8MHxzZWFyY2h8NTh8fGZhbW91cyUyMHBsYWNlcyUyMGluJTIwd29ybGR8ZW58MHx8MHx8fDA%3D	Famous	2025-07-16 10:38:01.474092+00	14
1378	place	https://images.unsplash.com/photo-1705713893941-0e47ee205042?w=500&auto=format&fit=crop&q=60&ixlib=rb-4.1.0&ixid=M3wxMjA3fDB8MHxzZWFyY2h8OTB8fGZhbW91cyUyMHBsYWNlcyUyMGluJTIwd29ybGR8ZW58MHx8MHx8fDA%3D	Famous	2025-07-16 10:38:18.274962+00	14
1379	place	https://images.unsplash.com/photo-1705614910406-0239c1372dd9?w=500&auto=format&fit=crop&q=60&ixlib=rb-4.1.0&ixid=M3wxMjA3fDB8MHxzZWFyY2h8MTIyfHxmYW1vdXMlMjBwbGFjZXMlMjBpbiUyMHdvcmxkfGVufDB8fDB8fHww	Famous	2025-07-16 10:39:04.809827+00	14
1380	place	https://images.unsplash.com/photo-1717438147659-49de56f0afd6?w=500&auto=format&fit=crop&q=60&ixlib=rb-4.1.0&ixid=M3wxMjA3fDB8MHxzZWFyY2h8MTM5fHxmYW1vdXMlMjBwbGFjZXMlMjBpbiUyMHdvcmxkfGVufDB8fDB8fHww	Famous	2025-07-16 10:39:13.438485+00	14
1381	place	https://images.unsplash.com/photo-1744339699978-e9fa7ea49446?w=500&auto=format&fit=crop&q=60&ixlib=rb-4.1.0&ixid=M3wxMjA3fDB8MHxzZWFyY2h8MTU5fHxmYW1vdXMlMjBwbGFjZXMlMjBpbiUyMHdvcmxkfGVufDB8fDB8fHww	Famous	2025-07-16 10:39:52.02959+00	14
1382	place	https://images.unsplash.com/photo-1565881606991-789a8dff9dbb?w=500&auto=format&fit=crop&q=60&ixlib=rb-4.1.0&ixid=M3wxMjA3fDB8MHxzZWFyY2h8MTkxfHxmYW1vdXMlMjBwbGFjZXMlMjBpbiUyMHdvcmxkfGVufDB8fDB8fHww	Famous	2025-07-16 10:40:10.191578+00	14
1383	place	https://images.unsplash.com/photo-1658232982838-6ce581c18bf2?w=500&auto=format&fit=crop&q=60&ixlib=rb-4.1.0&ixid=M3wxMjA3fDB8MHxzZWFyY2h8MjAyfHxmYW1vdXMlMjBwbGFjZXMlMjBpbiUyMHdvcmxkfGVufDB8fDB8fHww	Famous	2025-07-16 10:40:31.316649+00	14
1384	place	https://images.unsplash.com/photo-1585506942812-e72b29cef752?w=500&auto=format&fit=crop&q=60&ixlib=rb-4.1.0&ixid=M3wxMjA3fDB8MHxzZWFyY2h8MjExfHxmYW1vdXMlMjBwbGFjZXMlMjBpbiUyMHdvcmxkfGVufDB8fDB8fHww	Famous	2025-07-16 10:40:42.107705+00	14
1385	place	https://images.unsplash.com/photo-1651442862654-186ab1a520d1?w=500&auto=format&fit=crop&q=60&ixlib=rb-4.1.0&ixid=M3wxMjA3fDB8MHxzZWFyY2h8MjE0fHxmYW1vdXMlMjBwbGFjZXMlMjBpbiUyMHdvcmxkfGVufDB8fDB8fHww	Famous	2025-07-16 10:40:54.922399+00	14
1386	place	https://images.unsplash.com/photo-1742405265285-cdd1ef9d2073?w=500&auto=format&fit=crop&q=60&ixlib=rb-4.1.0&ixid=M3wxMjA3fDB8MHxzZWFyY2h8MjM4fHxmYW1vdXMlMjBwbGFjZXMlMjBpbiUyMHdvcmxkfGVufDB8fDB8fHww	Famous	2025-07-16 10:41:12.879596+00	14
1387	place	https://images.unsplash.com/photo-1732102845452-fc22aadde008?w=500&auto=format&fit=crop&q=60&ixlib=rb-4.1.0&ixid=M3wxMjA3fDB8MHxzZWFyY2h8MjI2fHxmYW1vdXMlMjBwbGFjZXMlMjBpbiUyMHdvcmxkfGVufDB8fDB8fHww	Famous	2025-07-16 12:08:29.721689+00	14
1388	wallpaper	https://images.unsplash.com/photo-1502657877623-f66bf489d236?q=80&w=1469&auto=format&fit=crop&ixlib=rb-4.1.0&ixid=M3wxMjA3fDB8MHxwaG90by1wYWdlfHx8fGVufDB8fHx8fA%3D%3D	Wallpaper	2025-07-17 04:40:28.707127+00	14
1389	Wallpaper	https://images.unsplash.com/photo-1674875834822-26ae423d5180?w=500&auto=format&fit=crop&q=60&ixlib=rb-4.1.0&ixid=M3wxMjA3fDB8MHxzZWFyY2h8MzV8fHdhbGxwYXBlcnMlMjA0a3xlbnwwfHwwfHx8MA%3D%3D	Wallpaper	2025-07-17 04:40:47.256265+00	14
1390	wallpaper	https://plus.unsplash.com/premium_photo-1674505352177-80c3e404c350?w=500&auto=format&fit=crop&q=60&ixlib=rb-4.1.0&ixid=M3wxMjA3fDB8MHxzZWFyY2h8MzN8fHdhbGxwYXBlcnMlMjA0a3xlbnwwfHwwfHx8MA%3D%3D	Wallpaper	2025-07-17 04:41:00.941065+00	14
1391	wallpaper	https://plus.unsplash.com/premium_photo-1673193079640-2097f8a81fc8?w=500&auto=format&fit=crop&q=60&ixlib=rb-4.1.0&ixid=M3wxMjA3fDB8MHxzZWFyY2h8NDl8fHdhbGxwYXBlcnMlMjA0a3xlbnwwfHwwfHx8MA%3D%3D	Wallpaper	2025-07-17 04:41:15.718131+00	14
1392	wallpaper	https://images.unsplash.com/photo-1653482099697-8480f33fc035?w=500&auto=format&fit=crop&q=60&ixlib=rb-4.1.0&ixid=M3wxMjA3fDB8MHxzZWFyY2h8NTB8fHdhbGxwYXBlcnMlMjA0a3xlbnwwfHwwfHx8MA%3D%3D	Wallpaper	2025-07-17 04:41:30.86654+00	14
1393	w	https://images.unsplash.com/photo-1650535100744-2264ed39640e?w=500&auto=format&fit=crop&q=60&ixlib=rb-4.1.0&ixid=M3wxMjA3fDB8MHxzZWFyY2h8MTJ8fHdhbGxwYXBlcnMlMjA0ayUyMG1vYmlsZXxlbnwwfHwwfHx8MA%3D%3D	Wallpaper	2025-07-17 04:42:35.0361+00	14
1394	wall	https://images.unsplash.com/photo-1649423009496-8c642615ed36?w=500&auto=format&fit=crop&q=60&ixlib=rb-4.1.0&ixid=M3wxMjA3fDB8MHxzZWFyY2h8MTB8fHdhbGxwYXBlcnMlMjA0ayUyMG1vYmlsZXxlbnwwfHwwfHx8MA%3D%3D	Wallpaper	2025-07-17 04:42:46.10937+00	14
1395	wall	https://images.unsplash.com/photo-1650025359134-4b4cb5e27dbb?w=500&auto=format&fit=crop&q=60&ixlib=rb-4.1.0&ixid=M3wxMjA3fDB8MHxzZWFyY2h8MjZ8fHdhbGxwYXBlcnMlMjA0ayUyMG1vYmlsZXxlbnwwfHwwfHx8MA%3D%3D	Wallpaper	2025-07-17 04:43:20.623849+00	14
1396	wall	https://images.unsplash.com/photo-1678852032340-7648ea612e9a?w=500&auto=format&fit=crop&q=60&ixlib=rb-4.1.0&ixid=M3wxMjA3fDB8MHxzZWFyY2h8MjR8fHdhbGxwYXBlcnMlMjA0ayUyMG1vYmlsZXxlbnwwfHwwfHx8MA%3D%3D	Wallpaper	2025-07-17 04:43:29.762741+00	14
1397	wall	https://images.unsplash.com/photo-1635100450942-4c7044a3a9b6?w=500&auto=format&fit=crop&q=60&ixlib=rb-4.1.0&ixid=M3wxMjA3fDB8MHxzZWFyY2h8MzV8fHdhbGxwYXBlcnMlMjA0ayUyMG1vYmlsZXxlbnwwfHwwfHx8MA%3D%3D	Wallpaper	2025-07-17 04:43:39.266369+00	14
1398	wall	https://images.unsplash.com/photo-1687195048567-40ea2fc2f7d4?w=500&auto=format&fit=crop&q=60&ixlib=rb-4.1.0&ixid=M3wxMjA3fDB8MHxzZWFyY2h8MzR8fHdhbGxwYXBlcnMlMjA0ayUyMG1vYmlsZXxlbnwwfHwwfHx8MA%3D%3D	Wallpaper	2025-07-17 04:43:48.53019+00	14
1399	wall	https://images.unsplash.com/photo-1653484451901-392eed700139?w=500&auto=format&fit=crop&q=60&ixlib=rb-4.1.0&ixid=M3wxMjA3fDB8MHxzZWFyY2h8NDZ8fHdhbGxwYXBlcnMlMjA0ayUyMG1vYmlsZXxlbnwwfHwwfHx8MA%3D%3D	Wallpaper	2025-07-17 04:44:04.524345+00	14
1400	wall	https://images.unsplash.com/photo-1619793346851-21c5666049ff?w=500&auto=format&fit=crop&q=60&ixlib=rb-4.1.0&ixid=M3wxMjA3fDB8MHxzZWFyY2h8NDd8fHdhbGxwYXBlcnMlMjA0ayUyMG1vYmlsZXxlbnwwfHwwfHx8MA%3D%3D	Wallpaper	2025-07-17 04:44:13.919281+00	14
1401	wall	https://images.unsplash.com/photo-1648969370519-3a5c68905048?w=500&auto=format&fit=crop&q=60&ixlib=rb-4.1.0&ixid=M3wxMjA3fDB8MHxzZWFyY2h8NTh8fHdhbGxwYXBlcnMlMjA0ayUyMG1vYmlsZXxlbnwwfHwwfHx8MA%3D%3D	Wallpaper	2025-07-17 04:44:25.844596+00	14
1402	wall	https://images.unsplash.com/photo-1629952018886-be4d051ef153?w=500&auto=format&fit=crop&q=60&ixlib=rb-4.1.0&ixid=M3wxMjA3fDB8MHxzZWFyY2h8NzF8fHdhbGxwYXBlcnMlMjA0ayUyMG1vYmlsZXxlbnwwfHwwfHx8MA%3D%3D	Wallpaper	2025-07-17 04:44:37.090637+00	14
1403	wall	https://images.unsplash.com/photo-1653483640849-c9d4ab3b84cd?w=500&auto=format&fit=crop&q=60&ixlib=rb-4.1.0&ixid=M3wxMjA3fDB8MHxzZWFyY2h8NzJ8fHdhbGxwYXBlcnMlMjA0ayUyMG1vYmlsZXxlbnwwfHwwfHx8MA%3D%3D	Wallpaper	2025-07-17 04:44:47.842279+00	14
1404	wall	https://images.unsplash.com/photo-1740060569649-11cc96ebf6bb?w=500&auto=format&fit=crop&q=60&ixlib=rb-4.1.0&ixid=M3wxMjA3fDB8MHxzZWFyY2h8Nzh8fHdhbGxwYXBlcnMlMjA0ayUyMG1vYmlsZXxlbnwwfHwwfHx8MA%3D%3D	Wallpaper	2025-07-17 04:44:57.440224+00	14
1405	wall	https://images.unsplash.com/photo-1703590586330-575913481b06?w=500&auto=format&fit=crop&q=60&ixlib=rb-4.1.0&ixid=M3wxMjA3fDB8MHxzZWFyY2h8ODR8fHdhbGxwYXBlcnMlMjA0ayUyMG1vYmlsZXxlbnwwfHwwfHx8MA%3D%3D	Wallpaper	2025-07-17 04:45:05.457274+00	14
1406	wall	https://images.unsplash.com/photo-1691435878573-92a410e9069f?w=500&auto=format&fit=crop&q=60&ixlib=rb-4.1.0&ixid=M3wxMjA3fDB8MHxzZWFyY2h8OTB8fHdhbGxwYXBlcnMlMjA0ayUyMG1vYmlsZXxlbnwwfHwwfHx8MA%3D%3D	Wallpaper	2025-07-17 04:45:15.498593+00	14
1407	wall	https://images.unsplash.com/photo-1676582960865-c220ee159de4?w=500&auto=format&fit=crop&q=60&ixlib=rb-4.1.0&ixid=M3wxMjA3fDB8MHxzZWFyY2h8OTF8fHdhbGxwYXBlcnMlMjA0ayUyMG1vYmlsZXxlbnwwfHwwfHx8MA%3D%3D	Wallpaper	2025-07-17 04:45:27.222073+00	14
1408	wall	https://images.unsplash.com/photo-1622550794056-86e2172dad00?w=500&auto=format&fit=crop&q=60&ixlib=rb-4.1.0&ixid=M3wxMjA3fDB8MHxzZWFyY2h8MTEwfHx3YWxscGFwZXJzJTIwNGslMjBtb2JpbGV8ZW58MHx8MHx8fDA%3D	Wallpaper	2025-07-17 04:45:42.114907+00	14
1409	wall	https://images.unsplash.com/photo-1722286694364-5a3c57b7cc62?w=500&auto=format&fit=crop&q=60&ixlib=rb-4.1.0&ixid=M3wxMjA3fDB8MHxzZWFyY2h8MTI2fHx3YWxscGFwZXJzJTIwNGslMjBtb2JpbGV8ZW58MHx8MHx8fDA%3D	Wallpaper	2025-07-17 04:46:08.690773+00	14
1410	wall	https://images.unsplash.com/photo-1711889465794-cd394d6cbe41?w=500&auto=format&fit=crop&q=60&ixlib=rb-4.1.0&ixid=M3wxMjA3fDB8MHxzZWFyY2h8MTMwfHx3YWxscGFwZXJzJTIwNGslMjBtb2JpbGV8ZW58MHx8MHx8fDA%3D	Wallpaper	2025-07-17 04:46:18.087733+00	14
1411	wall	https://images.unsplash.com/photo-1682778417727-0ae57dd188e3?w=500&auto=format&fit=crop&q=60&ixlib=rb-4.1.0&ixid=M3wxMjA3fDB8MHxzZWFyY2h8MTQ0fHx3YWxscGFwZXJzJTIwNGslMjBtb2JpbGV8ZW58MHx8MHx8fDA%3D	Wallpaper	2025-07-17 04:46:33.31956+00	14
1412	wall	https://images.unsplash.com/photo-1648556907687-2fd3d594305c?w=500&auto=format&fit=crop&q=60&ixlib=rb-4.1.0&ixid=M3wxMjA3fDB8MHxzZWFyY2h8MTUxfHx3YWxscGFwZXJzJTIwNGslMjBtb2JpbGV8ZW58MHx8MHx8fDA%3D	Wallpaper	2025-07-17 04:46:44.925196+00	14
1413	wall	https://images.unsplash.com/photo-1656487321570-46740f4503eb?w=500&auto=format&fit=crop&q=60&ixlib=rb-4.1.0&ixid=M3wxMjA3fDB8MHxzZWFyY2h8MTU4fHx3YWxscGFwZXJzJTIwNGslMjBtb2JpbGV8ZW58MHx8MHx8fDA%3D	Wallpaper	2025-07-17 04:46:56.558512+00	14
1414	wall	https://images.unsplash.com/photo-1679108419320-6b0e881a1106?w=500&auto=format&fit=crop&q=60&ixlib=rb-4.1.0&ixid=M3wxMjA3fDB8MHxzZWFyY2h8MTU5fHx3YWxscGFwZXJzJTIwNGslMjBtb2JpbGV8ZW58MHx8MHx8fDA%3D	Wallpaper	2025-07-17 04:47:05.936772+00	14
1415	wall	https://images.unsplash.com/photo-1690434101159-5a2c410e10cf?w=500&auto=format&fit=crop&q=60&ixlib=rb-4.1.0&ixid=M3wxMjA3fDB8MHxzZWFyY2h8MTg4fHx3YWxscGFwZXJzJTIwNGslMjBtb2JpbGV8ZW58MHx8MHx8fDA%3D	Wallpaper	2025-07-17 04:47:47.35775+00	14
1416	wall	https://images.unsplash.com/photo-1633063654462-2cf27b883081?w=500&auto=format&fit=crop&q=60&ixlib=rb-4.1.0&ixid=M3wxMjA3fDB8MHxzZWFyY2h8MTk1fHx3YWxscGFwZXJzJTIwNGslMjBtb2JpbGV8ZW58MHx8MHx8fDA%3D	Wallpaper	2025-07-17 04:48:00.554266+00	14
1417	wall	https://images.unsplash.com/photo-1665951948553-d36646d82e4f?w=500&auto=format&fit=crop&q=60&ixlib=rb-4.1.0&ixid=M3wxMjA3fDB8MHxzZWFyY2h8MjA3fHx3YWxscGFwZXJzJTIwNGslMjBtb2JpbGV8ZW58MHx8MHx8fDA%3D	Wallpaper	2025-07-17 04:48:28.650548+00	14
1418	wall	https://images.unsplash.com/photo-1665952556523-c5ec4a157443?w=500&auto=format&fit=crop&q=60&ixlib=rb-4.1.0&ixid=M3wxMjA3fDB8MHxzZWFyY2h8MjExfHx3YWxscGFwZXJzJTIwNGslMjBtb2JpbGV8ZW58MHx8MHx8fDA%3D	Wallpaper	2025-07-17 04:48:50.223933+00	14
1419	wall	https://images.unsplash.com/photo-1665953149139-4c93c06b3200?w=500&auto=format&fit=crop&q=60&ixlib=rb-4.1.0&ixid=M3wxMjA3fDB8MHxzZWFyY2h8MjI3fHx3YWxscGFwZXJzJTIwNGslMjBtb2JpbGV8ZW58MHx8MHx8fDA%3D	Wallpaper	2025-07-17 04:49:21.133178+00	14
1420	wall	https://images.unsplash.com/photo-1665952175189-927192694e79?w=500&auto=format&fit=crop&q=60&ixlib=rb-4.1.0&ixid=M3wxMjA3fDB8MHxzZWFyY2h8MjMxfHx3YWxscGFwZXJzJTIwNGslMjBtb2JpbGV8ZW58MHx8MHx8fDA%3D	Wallpaper	2025-07-17 04:49:30.148465+00	14
1421	wall	https://images.unsplash.com/photo-1674374357947-8a234498eb72?w=500&auto=format&fit=crop&q=60&ixlib=rb-4.1.0&ixid=M3wxMjA3fDB8MHxzZWFyY2h8NHx8ZGFyayUyMHdhbGxwYXBlcnMlMjA0a3xlbnwwfHwwfHx8MA%3D%3D	Wallpaper	2025-07-17 04:50:04.553321+00	14
1422	wall	https://images.unsplash.com/photo-1653482285740-d364ce66a2c9?w=500&auto=format&fit=crop&q=60&ixlib=rb-4.1.0&ixid=M3wxMjA3fDB8MHxzZWFyY2h8N3x8ZGFyayUyMHdhbGxwYXBlcnMlMjA0a3xlbnwwfHwwfHx8MA%3D%3D	Wallpaper	2025-07-17 04:50:12.502782+00	14
1423	wall	https://images.unsplash.com/photo-1650537167988-5a295c5fdde6?w=500&auto=format&fit=crop&q=60&ixlib=rb-4.1.0&ixid=M3wxMjA3fDB8MHxzZWFyY2h8Nnx8ZGFyayUyMHdhbGxwYXBlcnMlMjA0a3xlbnwwfHwwfHx8MA%3D%3D	Wallpaper	2025-07-17 04:50:21.140785+00	14
1424	wall	https://images.unsplash.com/photo-1653483642854-f6075e4113af?w=500&auto=format&fit=crop&q=60&ixlib=rb-4.1.0&ixid=M3wxMjA3fDB8MHxzZWFyY2h8MTZ8fGRhcmslMjB3YWxscGFwZXJzJTIwNGt8ZW58MHx8MHx8fDA%3D	Wallpaper	2025-07-17 04:50:35.596314+00	14
1425	wall	https://plus.unsplash.com/premium_photo-1687284885687-46cdd41c452b?w=500&auto=format&fit=crop&q=60&ixlib=rb-4.1.0&ixid=M3wxMjA3fDB8MHxzZWFyY2h8MzN8fGRhcmslMjB3YWxscGFwZXJzJTIwNGt8ZW58MHx8MHx8fDA%3D	Wallpaper	2025-07-17 04:50:49.917239+00	14
1426	wall	https://images.unsplash.com/photo-1623961584877-70217d5b6675?w=500&auto=format&fit=crop&q=60&ixlib=rb-4.1.0&ixid=M3wxMjA3fDB8MHxzZWFyY2h8NDJ8fGRhcmslMjB3YWxscGFwZXJzJTIwNGt8ZW58MHx8MHx8fDA%3D	Wallpaper	2025-07-17 04:51:00.610555+00	14
1427	wall	https://images.unsplash.com/photo-1710101209954-9bac486d1363?w=500&auto=format&fit=crop&q=60&ixlib=rb-4.1.0&ixid=M3wxMjA3fDB8MHxzZWFyY2h8NTF8fGRhcmslMjB3YWxscGFwZXJzJTIwNGt8ZW58MHx8MHx8fDA%3D	Wallpaper	2025-07-17 04:51:09.490277+00	14
1428	wall	https://images.unsplash.com/photo-1588776817510-e8410650110d?w=500&auto=format&fit=crop&q=60&ixlib=rb-4.1.0&ixid=M3wxMjA3fDB8MHxzZWFyY2h8NTR8fGRhcmslMjB3YWxscGFwZXJzJTIwNGt8ZW58MHx8MHx8fDA%3D	Wallpaper	2025-07-17 04:51:19.939563+00	14
1429	wall	https://images.unsplash.com/photo-1661890248163-7c280565925f?w=500&auto=format&fit=crop&q=60&ixlib=rb-4.1.0&ixid=M3wxMjA3fDB8MHxzZWFyY2h8NzZ8fGRhcmslMjB3YWxscGFwZXJzJTIwNGt8ZW58MHx8MHx8fDA%3D	Wallpaper	2025-07-17 04:51:35.078743+00	14
1430	wall	https://images.unsplash.com/photo-1665932224723-067acb55328a?w=500&auto=format&fit=crop&q=60&ixlib=rb-4.1.0&ixid=M3wxMjA3fDB8MHxzZWFyY2h8ODR8fGRhcmslMjB3YWxscGFwZXJzJTIwNGt8ZW58MHx8MHx8fDA%3D	Wallpaper	2025-07-17 04:51:43.678998+00	14
1431	wall	https://plus.unsplash.com/premium_photo-1687284886305-3ffb5e11f94a?w=500&auto=format&fit=crop&q=60&ixlib=rb-4.1.0&ixid=M3wxMjA3fDB8MHxzZWFyY2h8MTE3fHxkYXJrJTIwd2FsbHBhcGVycyUyMDRrfGVufDB8fDB8fHww	Wallpaper	2025-07-17 04:52:04.444757+00	14
1432	wall	https://images.unsplash.com/photo-1626014716188-7afcb7bb5ca1?w=500&auto=format&fit=crop&q=60&ixlib=rb-4.1.0&ixid=M3wxMjA3fDB8MHxzZWFyY2h8MTQ3fHxkYXJrJTIwd2FsbHBhcGVycyUyMDRrfGVufDB8fDB8fHww	Wallpaper	2025-07-17 04:52:21.182986+00	14
1433	wall	https://images.unsplash.com/photo-1693956964365-6432aeb344ce?w=500&auto=format&fit=crop&q=60&ixlib=rb-4.1.0&ixid=M3wxMjA3fDB8MHxzZWFyY2h8MTU1fHxkYXJrJTIwd2FsbHBhcGVycyUyMDRrfGVufDB8fDB8fHww	Wallpaper	2025-07-17 04:53:15.555527+00	14
1434	wall	https://images.unsplash.com/photo-1717244517670-4579a3a475c5?w=500&auto=format&fit=crop&q=60&ixlib=rb-4.1.0&ixid=M3wxMjA3fDB8MHxzZWFyY2h8MTU4fHxkYXJrJTIwd2FsbHBhcGVycyUyMDRrfGVufDB8fDB8fHww	Wallpaper	2025-07-17 04:53:35.147991+00	14
1435	wall	https://images.unsplash.com/photo-1661357135753-9cb72733b81a?w=500&auto=format&fit=crop&q=60&ixlib=rb-4.1.0&ixid=M3wxMjA3fDB8MHxzZWFyY2h8MTU2fHxkYXJrJTIwd2FsbHBhcGVycyUyMDRrfGVufDB8fDB8fHww	Wallpaper	2025-07-17 04:53:42.829864+00	14
1436	wall	https://images.unsplash.com/photo-1594283025372-dfd7190b3bed?w=500&auto=format&fit=crop&q=60&ixlib=rb-4.1.0&ixid=M3wxMjA3fDB8MHxzZWFyY2h8MTc1fHxkYXJrJTIwd2FsbHBhcGVycyUyMDRrfGVufDB8fDB8fHww	Wallpaper	2025-07-17 04:53:54.626947+00	14
1437	Wall	https://images.unsplash.com/photo-1752610877637-8fb2a9a9a520?w=500&auto=format&fit=crop&q=60&ixlib=rb-4.1.0&ixid=M3wxMjA3fDB8MHxmZWF0dXJlZC1waG90b3MtZmVlZHwxOHx8fGVufDB8fHx8fA%3D%3D	Wallpaper	2025-07-17 07:19:26.586437+00	3
1438	wallaper	https://images.unsplash.com/photo-1752610877640-25087fb5205a?w=500&auto=format&fit=crop&q=60&ixlib=rb-4.1.0&ixid=M3wxMjA3fDB8MHxmZWF0dXJlZC1waG90b3MtZmVlZHwxN3x8fGVufDB8fHx8fA%3D%3D	Wallpaper	2025-07-17 07:22:25.795421+00	9
1439	god	https://plus.unsplash.com/premium_photo-1674898515963-1226b2b89346?w=500&auto=format&fit=crop&q=60&ixlib=rb-4.1.0&ixid=M3wxMjA3fDB8MHxzZWFyY2h8MTN8fGluZGlhbiUyMGdvZHN8ZW58MHx8MHx8fDA%3D	God	2025-07-17 08:27:31.614355+00	11
1440	god	https://images.unsplash.com/photo-1729435023659-afed47dec86a?w=500&auto=format&fit=crop&q=60&ixlib=rb-4.1.0&ixid=M3wxMjA3fDB8MHxzZWFyY2h8MTl8fGluZGlhbiUyMGdvZHN8ZW58MHx8MHx8fDA%3D	God	2025-07-17 08:31:31.442428+00	17
1441	sea wallpaper	https://images.unsplash.com/photo-1526779259212-939e64788e3c?fm=jpg&q=60&w=3000&ixlib=rb-4.1.0&ixid=M3wxMjA3fDB8MHxzZWFyY2h8N3x8ZnJlZSUyMGltYWdlc3xlbnwwfHwwfHx8MA%3D%3D	Wallpaper	2025-07-17 08:53:01.275667+00	14
1444	wall	https://t4.ftcdn.net/jpg/09/46/82/57/240_F_946825756_jddv2NapctwBWjlnIlYtadVx3xuOBN0N.jpg	Wallpaper	2025-07-17 09:10:13.661947+00	16
1445	wall	https://images.unsplash.com/photo-1710384897899-02c7b08bc54e?w=500&auto=format&fit=crop&q=60&ixlib=rb-4.1.0&ixid=M3wxMjA3fDB8MHxzZWFyY2h8Mzh8fHdhbGxwYXBlciUyMDRrfGVufDB8fDB8fHww	Wallpaper	2025-07-17 09:13:06.670914+00	16
1446	wallpaper	https://plus.unsplash.com/premium_photo-1686255006386-5f58b00ffe9d?w=500&auto=format&fit=crop&q=60&ixlib=rb-4.1.0&ixid=M3wxMjA3fDB8MHxzZWFyY2h8MTEzfHx3YWxscGFwZXIlMjA0a3xlbnwwfHwwfHx8MA%3D%3D	Wallpaper	2025-07-17 09:13:53.469351+00	16
1447	wall	https://images.unsplash.com/photo-1731512922037-a095dd954b8f?w=500&auto=format&fit=crop&q=60&ixlib=rb-4.1.0&ixid=M3wxMjA3fDB8MHxzZWFyY2h8MjN8fHdhbGxwYXBlciUyMDRrJTIwZm9yJTIwbW9iaWxlfGVufDB8fDB8fHww	Wallpaper	2025-07-17 09:14:51.3311+00	16
1448	wall	https://images.unsplash.com/photo-1737629706448-f874b732af06?w=500&auto=format&fit=crop&q=60&ixlib=rb-4.1.0&ixid=M3wxMjA3fDB8MHxzZWFyY2h8MzJ8fHdhbGxwYXBlciUyMDRrJTIwZm9yJTIwbW9iaWxlfGVufDB8fDB8fHww	Wallpaper	2025-07-17 09:15:09.055327+00	16
1449	wall	https://images.unsplash.com/photo-1679111089037-366b9c77b40e?w=500&auto=format&fit=crop&q=60&ixlib=rb-4.1.0&ixid=M3wxMjA3fDB8MHxzZWFyY2h8NDZ8fHdhbGxwYXBlciUyMDRrJTIwZm9yJTIwbW9iaWxlfGVufDB8fDB8fHww	Wallpaper	2025-07-17 09:15:31.997585+00	16
1450	wall	https://images.unsplash.com/photo-1735315332111-7af58d3a9c62?w=500&auto=format&fit=crop&q=60&ixlib=rb-4.1.0&ixid=M3wxMjA3fDB8MHxzZWFyY2h8NDd8fHdhbGxwYXBlciUyMDRrJTIwZm9yJTIwbW9iaWxlfGVufDB8fDB8fHww	Wallpaper	2025-07-17 09:15:46.131744+00	16
1451	wall	https://images.unsplash.com/photo-1677329563506-1526b39821a9?w=500&auto=format&fit=crop&q=60&ixlib=rb-4.1.0&ixid=M3wxMjA3fDB8MHxzZWFyY2h8NjB8fHdhbGxwYXBlciUyMDRrJTIwZm9yJTIwbW9iaWxlfGVufDB8fDB8fHww	Wallpaper	2025-07-17 09:16:08.646805+00	16
1452	wall	https://images.unsplash.com/photo-1701599425170-6e413badee1e?w=500&auto=format&fit=crop&q=60&ixlib=rb-4.1.0&ixid=M3wxMjA3fDB8MHxzZWFyY2h8ODJ8fHdhbGxwYXBlciUyMDRrJTIwZm9yJTIwbW9iaWxlfGVufDB8fDB8fHww	Wallpaper	2025-07-17 09:17:03.924417+00	16
1453	wall	https://images.unsplash.com/photo-1701599425146-ced728724ffa?w=500&auto=format&fit=crop&q=60&ixlib=rb-4.1.0&ixid=M3wxMjA3fDB8MHxzZWFyY2h8ODd8fHdhbGxwYXBlciUyMDRrJTIwZm9yJTIwbW9iaWxlfGVufDB8fDB8fHww	Wallpaper	2025-07-17 09:17:16.115226+00	16
1454	wall	https://images.unsplash.com/photo-1746131210102-efeb9b9433a6?w=500&auto=format&fit=crop&q=60&ixlib=rb-4.1.0&ixid=M3wxMjA3fDB8MHxzZWFyY2h8ODh8fHdhbGxwYXBlciUyMDRrJTIwZm9yJTIwbW9iaWxlfGVufDB8fDB8fHww	Wallpaper	2025-07-17 09:17:33.577374+00	16
\.


--
-- Data for Name: myPinterest_savedpin; Type: TABLE DATA; Schema: public; Owner: pinterest
--

COPY public."myPinterest_savedpin" (id, pin_id, user_id) FROM stdin;
148	1270	9
151	1353	17
5	1202	16
6	1205	16
152	1333	17
153	1126	17
155	1369	17
156	1298	17
12	1198	16
157	1377	14
158	1425	14
159	1143	16
160	1223	14
161	1170	2
20	1215	16
27	1123	14
28	1170	14
30	1140	14
31	1138	14
32	1132	14
33	1100	14
34	1096	14
36	1269	14
37	1264	14
38	1147	15
43	1245	17
45	1142	17
46	1096	17
47	1122	17
48	1208	17
49	1118	17
62	1112	1
63	1211	19
66	1171	19
67	1259	14
68	1119	14
70	1209	14
71	1148	14
74	1126	14
75	1104	14
76	1193	14
80	1125	14
81	1136	14
82	1102	14
83	1146	14
84	1122	6
87	1147	6
89	1145	6
90	1143	6
91	1267	14
92	1208	14
93	1167	14
94	1128	14
95	1226	14
96	1203	14
97	1194	16
98	1258	16
99	1195	14
101	1169	2
102	1168	2
103	1178	2
104	1171	2
105	1110	14
106	1194	1
107	1104	1
108	1146	1
109	1194	17
110	1255	14
111	1152	14
112	1147	1
113	1143	1
114	1096	1
115	1241	1
116	1170	20
117	1146	20
121	1143	2
122	1270	14
123	1097	14
124	1120	14
126	1337	14
127	1381	14
128	1338	14
129	1289	14
130	1346	14
131	1387	14
132	1134	14
135	1291	14
136	1436	14
137	1408	14
141	1102	22
142	1146	23
144	1148	23
145	1417	22
146	1125	3
\.


--
-- Name: auth_group_id_seq; Type: SEQUENCE SET; Schema: public; Owner: pinterest
--

SELECT pg_catalog.setval('public.auth_group_id_seq', 1, false);


--
-- Name: auth_group_permissions_id_seq; Type: SEQUENCE SET; Schema: public; Owner: pinterest
--

SELECT pg_catalog.setval('public.auth_group_permissions_id_seq', 1, false);


--
-- Name: auth_permission_id_seq; Type: SEQUENCE SET; Schema: public; Owner: pinterest
--

SELECT pg_catalog.setval('public.auth_permission_id_seq', 44, true);


--
-- Name: auth_user_groups_id_seq; Type: SEQUENCE SET; Schema: public; Owner: pinterest
--

SELECT pg_catalog.setval('public.auth_user_groups_id_seq', 1, false);


--
-- Name: auth_user_id_seq; Type: SEQUENCE SET; Schema: public; Owner: pinterest
--

SELECT pg_catalog.setval('public.auth_user_id_seq', 23, true);


--
-- Name: auth_user_user_permissions_id_seq; Type: SEQUENCE SET; Schema: public; Owner: pinterest
--

SELECT pg_catalog.setval('public.auth_user_user_permissions_id_seq', 1, false);


--
-- Name: django_admin_log_id_seq; Type: SEQUENCE SET; Schema: public; Owner: pinterest
--

SELECT pg_catalog.setval('public.django_admin_log_id_seq', 9, true);


--
-- Name: django_content_type_id_seq; Type: SEQUENCE SET; Schema: public; Owner: pinterest
--

SELECT pg_catalog.setval('public.django_content_type_id_seq', 11, true);


--
-- Name: django_migrations_id_seq; Type: SEQUENCE SET; Schema: public; Owner: pinterest
--

SELECT pg_catalog.setval('public.django_migrations_id_seq', 24, true);


--
-- Name: myPinterest_comments_id_seq; Type: SEQUENCE SET; Schema: public; Owner: pinterest
--

SELECT pg_catalog.setval('public."myPinterest_comments_id_seq"', 61, true);


--
-- Name: myPinterest_likes_id_seq; Type: SEQUENCE SET; Schema: public; Owner: pinterest
--

SELECT pg_catalog.setval('public."myPinterest_likes_id_seq"', 209, true);


--
-- Name: myPinterest_pin_id_seq; Type: SEQUENCE SET; Schema: public; Owner: pinterest
--

SELECT pg_catalog.setval('public."myPinterest_pin_id_seq"', 1454, true);


--
-- Name: myPinterest_savedpin_id_seq; Type: SEQUENCE SET; Schema: public; Owner: pinterest
--

SELECT pg_catalog.setval('public."myPinterest_savedpin_id_seq"', 161, true);


--
-- Name: auth_group auth_group_name_key; Type: CONSTRAINT; Schema: public; Owner: pinterest
--

ALTER TABLE ONLY public.auth_group
    ADD CONSTRAINT auth_group_name_key UNIQUE (name);


--
-- Name: auth_group_permissions auth_group_permissions_group_id_permission_id_0cd325b0_uniq; Type: CONSTRAINT; Schema: public; Owner: pinterest
--

ALTER TABLE ONLY public.auth_group_permissions
    ADD CONSTRAINT auth_group_permissions_group_id_permission_id_0cd325b0_uniq UNIQUE (group_id, permission_id);


--
-- Name: auth_group_permissions auth_group_permissions_pkey; Type: CONSTRAINT; Schema: public; Owner: pinterest
--

ALTER TABLE ONLY public.auth_group_permissions
    ADD CONSTRAINT auth_group_permissions_pkey PRIMARY KEY (id);


--
-- Name: auth_group auth_group_pkey; Type: CONSTRAINT; Schema: public; Owner: pinterest
--

ALTER TABLE ONLY public.auth_group
    ADD CONSTRAINT auth_group_pkey PRIMARY KEY (id);


--
-- Name: auth_permission auth_permission_content_type_id_codename_01ab375a_uniq; Type: CONSTRAINT; Schema: public; Owner: pinterest
--

ALTER TABLE ONLY public.auth_permission
    ADD CONSTRAINT auth_permission_content_type_id_codename_01ab375a_uniq UNIQUE (content_type_id, codename);


--
-- Name: auth_permission auth_permission_pkey; Type: CONSTRAINT; Schema: public; Owner: pinterest
--

ALTER TABLE ONLY public.auth_permission
    ADD CONSTRAINT auth_permission_pkey PRIMARY KEY (id);


--
-- Name: auth_user_groups auth_user_groups_pkey; Type: CONSTRAINT; Schema: public; Owner: pinterest
--

ALTER TABLE ONLY public.auth_user_groups
    ADD CONSTRAINT auth_user_groups_pkey PRIMARY KEY (id);


--
-- Name: auth_user_groups auth_user_groups_user_id_group_id_94350c0c_uniq; Type: CONSTRAINT; Schema: public; Owner: pinterest
--

ALTER TABLE ONLY public.auth_user_groups
    ADD CONSTRAINT auth_user_groups_user_id_group_id_94350c0c_uniq UNIQUE (user_id, group_id);


--
-- Name: auth_user auth_user_pkey; Type: CONSTRAINT; Schema: public; Owner: pinterest
--

ALTER TABLE ONLY public.auth_user
    ADD CONSTRAINT auth_user_pkey PRIMARY KEY (id);


--
-- Name: auth_user_user_permissions auth_user_user_permissions_pkey; Type: CONSTRAINT; Schema: public; Owner: pinterest
--

ALTER TABLE ONLY public.auth_user_user_permissions
    ADD CONSTRAINT auth_user_user_permissions_pkey PRIMARY KEY (id);


--
-- Name: auth_user_user_permissions auth_user_user_permissions_user_id_permission_id_14a6b632_uniq; Type: CONSTRAINT; Schema: public; Owner: pinterest
--

ALTER TABLE ONLY public.auth_user_user_permissions
    ADD CONSTRAINT auth_user_user_permissions_user_id_permission_id_14a6b632_uniq UNIQUE (user_id, permission_id);


--
-- Name: auth_user auth_user_username_key; Type: CONSTRAINT; Schema: public; Owner: pinterest
--

ALTER TABLE ONLY public.auth_user
    ADD CONSTRAINT auth_user_username_key UNIQUE (username);


--
-- Name: django_admin_log django_admin_log_pkey; Type: CONSTRAINT; Schema: public; Owner: pinterest
--

ALTER TABLE ONLY public.django_admin_log
    ADD CONSTRAINT django_admin_log_pkey PRIMARY KEY (id);


--
-- Name: django_content_type django_content_type_app_label_model_76bd3d3b_uniq; Type: CONSTRAINT; Schema: public; Owner: pinterest
--

ALTER TABLE ONLY public.django_content_type
    ADD CONSTRAINT django_content_type_app_label_model_76bd3d3b_uniq UNIQUE (app_label, model);


--
-- Name: django_content_type django_content_type_pkey; Type: CONSTRAINT; Schema: public; Owner: pinterest
--

ALTER TABLE ONLY public.django_content_type
    ADD CONSTRAINT django_content_type_pkey PRIMARY KEY (id);


--
-- Name: django_migrations django_migrations_pkey; Type: CONSTRAINT; Schema: public; Owner: pinterest
--

ALTER TABLE ONLY public.django_migrations
    ADD CONSTRAINT django_migrations_pkey PRIMARY KEY (id);


--
-- Name: django_session django_session_pkey; Type: CONSTRAINT; Schema: public; Owner: pinterest
--

ALTER TABLE ONLY public.django_session
    ADD CONSTRAINT django_session_pkey PRIMARY KEY (session_key);


--
-- Name: myPinterest_comments myPinterest_comments_pkey; Type: CONSTRAINT; Schema: public; Owner: pinterest
--

ALTER TABLE ONLY public."myPinterest_comments"
    ADD CONSTRAINT "myPinterest_comments_pkey" PRIMARY KEY (id);


--
-- Name: myPinterest_likes myPinterest_likes_pkey; Type: CONSTRAINT; Schema: public; Owner: pinterest
--

ALTER TABLE ONLY public."myPinterest_likes"
    ADD CONSTRAINT "myPinterest_likes_pkey" PRIMARY KEY (id);


--
-- Name: myPinterest_likes myPinterest_likes_user_id_pin_id_2dbee668_uniq; Type: CONSTRAINT; Schema: public; Owner: pinterest
--

ALTER TABLE ONLY public."myPinterest_likes"
    ADD CONSTRAINT "myPinterest_likes_user_id_pin_id_2dbee668_uniq" UNIQUE (user_id, pin_id);


--
-- Name: myPinterest_pin myPinterest_pin_pkey; Type: CONSTRAINT; Schema: public; Owner: pinterest
--

ALTER TABLE ONLY public."myPinterest_pin"
    ADD CONSTRAINT "myPinterest_pin_pkey" PRIMARY KEY (id);


--
-- Name: myPinterest_savedpin myPinterest_savedpin_pkey; Type: CONSTRAINT; Schema: public; Owner: pinterest
--

ALTER TABLE ONLY public."myPinterest_savedpin"
    ADD CONSTRAINT "myPinterest_savedpin_pkey" PRIMARY KEY (id);


--
-- Name: myPinterest_savedpin myPinterest_savedpin_user_id_pin_id_91f33233_uniq; Type: CONSTRAINT; Schema: public; Owner: pinterest
--

ALTER TABLE ONLY public."myPinterest_savedpin"
    ADD CONSTRAINT "myPinterest_savedpin_user_id_pin_id_91f33233_uniq" UNIQUE (user_id, pin_id);


--
-- Name: auth_group_name_a6ea08ec_like; Type: INDEX; Schema: public; Owner: pinterest
--

CREATE INDEX auth_group_name_a6ea08ec_like ON public.auth_group USING btree (name varchar_pattern_ops);


--
-- Name: auth_group_permissions_group_id_b120cbf9; Type: INDEX; Schema: public; Owner: pinterest
--

CREATE INDEX auth_group_permissions_group_id_b120cbf9 ON public.auth_group_permissions USING btree (group_id);


--
-- Name: auth_group_permissions_permission_id_84c5c92e; Type: INDEX; Schema: public; Owner: pinterest
--

CREATE INDEX auth_group_permissions_permission_id_84c5c92e ON public.auth_group_permissions USING btree (permission_id);


--
-- Name: auth_permission_content_type_id_2f476e4b; Type: INDEX; Schema: public; Owner: pinterest
--

CREATE INDEX auth_permission_content_type_id_2f476e4b ON public.auth_permission USING btree (content_type_id);


--
-- Name: auth_user_groups_group_id_97559544; Type: INDEX; Schema: public; Owner: pinterest
--

CREATE INDEX auth_user_groups_group_id_97559544 ON public.auth_user_groups USING btree (group_id);


--
-- Name: auth_user_groups_user_id_6a12ed8b; Type: INDEX; Schema: public; Owner: pinterest
--

CREATE INDEX auth_user_groups_user_id_6a12ed8b ON public.auth_user_groups USING btree (user_id);


--
-- Name: auth_user_user_permissions_permission_id_1fbb5f2c; Type: INDEX; Schema: public; Owner: pinterest
--

CREATE INDEX auth_user_user_permissions_permission_id_1fbb5f2c ON public.auth_user_user_permissions USING btree (permission_id);


--
-- Name: auth_user_user_permissions_user_id_a95ead1b; Type: INDEX; Schema: public; Owner: pinterest
--

CREATE INDEX auth_user_user_permissions_user_id_a95ead1b ON public.auth_user_user_permissions USING btree (user_id);


--
-- Name: auth_user_username_6821ab7c_like; Type: INDEX; Schema: public; Owner: pinterest
--

CREATE INDEX auth_user_username_6821ab7c_like ON public.auth_user USING btree (username varchar_pattern_ops);


--
-- Name: django_admin_log_content_type_id_c4bce8eb; Type: INDEX; Schema: public; Owner: pinterest
--

CREATE INDEX django_admin_log_content_type_id_c4bce8eb ON public.django_admin_log USING btree (content_type_id);


--
-- Name: django_admin_log_user_id_c564eba6; Type: INDEX; Schema: public; Owner: pinterest
--

CREATE INDEX django_admin_log_user_id_c564eba6 ON public.django_admin_log USING btree (user_id);


--
-- Name: django_session_expire_date_a5c62663; Type: INDEX; Schema: public; Owner: pinterest
--

CREATE INDEX django_session_expire_date_a5c62663 ON public.django_session USING btree (expire_date);


--
-- Name: django_session_session_key_c0390e0f_like; Type: INDEX; Schema: public; Owner: pinterest
--

CREATE INDEX django_session_session_key_c0390e0f_like ON public.django_session USING btree (session_key varchar_pattern_ops);


--
-- Name: myPinterest_comments_pin_id_24c640ce; Type: INDEX; Schema: public; Owner: pinterest
--

CREATE INDEX "myPinterest_comments_pin_id_24c640ce" ON public."myPinterest_comments" USING btree (pin_id);


--
-- Name: myPinterest_comments_user_id_3bb4f060; Type: INDEX; Schema: public; Owner: pinterest
--

CREATE INDEX "myPinterest_comments_user_id_3bb4f060" ON public."myPinterest_comments" USING btree (user_id);


--
-- Name: myPinterest_likes_pin_id_15aee8bc; Type: INDEX; Schema: public; Owner: pinterest
--

CREATE INDEX "myPinterest_likes_pin_id_15aee8bc" ON public."myPinterest_likes" USING btree (pin_id);


--
-- Name: myPinterest_likes_user_id_99d68f9a; Type: INDEX; Schema: public; Owner: pinterest
--

CREATE INDEX "myPinterest_likes_user_id_99d68f9a" ON public."myPinterest_likes" USING btree (user_id);


--
-- Name: myPinterest_pin_uploaded_by_id_ebfc96f7; Type: INDEX; Schema: public; Owner: pinterest
--

CREATE INDEX "myPinterest_pin_uploaded_by_id_ebfc96f7" ON public."myPinterest_pin" USING btree (uploaded_by_id);


--
-- Name: myPinterest_savedpin_pin_id_15f82057; Type: INDEX; Schema: public; Owner: pinterest
--

CREATE INDEX "myPinterest_savedpin_pin_id_15f82057" ON public."myPinterest_savedpin" USING btree (pin_id);


--
-- Name: myPinterest_savedpin_user_id_09655551; Type: INDEX; Schema: public; Owner: pinterest
--

CREATE INDEX "myPinterest_savedpin_user_id_09655551" ON public."myPinterest_savedpin" USING btree (user_id);


--
-- Name: auth_group_permissions auth_group_permissio_permission_id_84c5c92e_fk_auth_perm; Type: FK CONSTRAINT; Schema: public; Owner: pinterest
--

ALTER TABLE ONLY public.auth_group_permissions
    ADD CONSTRAINT auth_group_permissio_permission_id_84c5c92e_fk_auth_perm FOREIGN KEY (permission_id) REFERENCES public.auth_permission(id) DEFERRABLE INITIALLY DEFERRED;


--
-- Name: auth_group_permissions auth_group_permissions_group_id_b120cbf9_fk_auth_group_id; Type: FK CONSTRAINT; Schema: public; Owner: pinterest
--

ALTER TABLE ONLY public.auth_group_permissions
    ADD CONSTRAINT auth_group_permissions_group_id_b120cbf9_fk_auth_group_id FOREIGN KEY (group_id) REFERENCES public.auth_group(id) DEFERRABLE INITIALLY DEFERRED;


--
-- Name: auth_permission auth_permission_content_type_id_2f476e4b_fk_django_co; Type: FK CONSTRAINT; Schema: public; Owner: pinterest
--

ALTER TABLE ONLY public.auth_permission
    ADD CONSTRAINT auth_permission_content_type_id_2f476e4b_fk_django_co FOREIGN KEY (content_type_id) REFERENCES public.django_content_type(id) DEFERRABLE INITIALLY DEFERRED;


--
-- Name: auth_user_groups auth_user_groups_group_id_97559544_fk_auth_group_id; Type: FK CONSTRAINT; Schema: public; Owner: pinterest
--

ALTER TABLE ONLY public.auth_user_groups
    ADD CONSTRAINT auth_user_groups_group_id_97559544_fk_auth_group_id FOREIGN KEY (group_id) REFERENCES public.auth_group(id) DEFERRABLE INITIALLY DEFERRED;


--
-- Name: auth_user_groups auth_user_groups_user_id_6a12ed8b_fk_auth_user_id; Type: FK CONSTRAINT; Schema: public; Owner: pinterest
--

ALTER TABLE ONLY public.auth_user_groups
    ADD CONSTRAINT auth_user_groups_user_id_6a12ed8b_fk_auth_user_id FOREIGN KEY (user_id) REFERENCES public.auth_user(id) DEFERRABLE INITIALLY DEFERRED;


--
-- Name: auth_user_user_permissions auth_user_user_permi_permission_id_1fbb5f2c_fk_auth_perm; Type: FK CONSTRAINT; Schema: public; Owner: pinterest
--

ALTER TABLE ONLY public.auth_user_user_permissions
    ADD CONSTRAINT auth_user_user_permi_permission_id_1fbb5f2c_fk_auth_perm FOREIGN KEY (permission_id) REFERENCES public.auth_permission(id) DEFERRABLE INITIALLY DEFERRED;


--
-- Name: auth_user_user_permissions auth_user_user_permissions_user_id_a95ead1b_fk_auth_user_id; Type: FK CONSTRAINT; Schema: public; Owner: pinterest
--

ALTER TABLE ONLY public.auth_user_user_permissions
    ADD CONSTRAINT auth_user_user_permissions_user_id_a95ead1b_fk_auth_user_id FOREIGN KEY (user_id) REFERENCES public.auth_user(id) DEFERRABLE INITIALLY DEFERRED;


--
-- Name: django_admin_log django_admin_log_content_type_id_c4bce8eb_fk_django_co; Type: FK CONSTRAINT; Schema: public; Owner: pinterest
--

ALTER TABLE ONLY public.django_admin_log
    ADD CONSTRAINT django_admin_log_content_type_id_c4bce8eb_fk_django_co FOREIGN KEY (content_type_id) REFERENCES public.django_content_type(id) DEFERRABLE INITIALLY DEFERRED;


--
-- Name: django_admin_log django_admin_log_user_id_c564eba6_fk_auth_user_id; Type: FK CONSTRAINT; Schema: public; Owner: pinterest
--

ALTER TABLE ONLY public.django_admin_log
    ADD CONSTRAINT django_admin_log_user_id_c564eba6_fk_auth_user_id FOREIGN KEY (user_id) REFERENCES public.auth_user(id) DEFERRABLE INITIALLY DEFERRED;


--
-- Name: myPinterest_comments myPinterest_comments_pin_id_24c640ce_fk_myPinterest_pin_id; Type: FK CONSTRAINT; Schema: public; Owner: pinterest
--

ALTER TABLE ONLY public."myPinterest_comments"
    ADD CONSTRAINT "myPinterest_comments_pin_id_24c640ce_fk_myPinterest_pin_id" FOREIGN KEY (pin_id) REFERENCES public."myPinterest_pin"(id) DEFERRABLE INITIALLY DEFERRED;


--
-- Name: myPinterest_comments myPinterest_comments_user_id_3bb4f060_fk_auth_user_id; Type: FK CONSTRAINT; Schema: public; Owner: pinterest
--

ALTER TABLE ONLY public."myPinterest_comments"
    ADD CONSTRAINT "myPinterest_comments_user_id_3bb4f060_fk_auth_user_id" FOREIGN KEY (user_id) REFERENCES public.auth_user(id) DEFERRABLE INITIALLY DEFERRED;


--
-- Name: myPinterest_likes myPinterest_likes_pin_id_15aee8bc_fk_myPinterest_pin_id; Type: FK CONSTRAINT; Schema: public; Owner: pinterest
--

ALTER TABLE ONLY public."myPinterest_likes"
    ADD CONSTRAINT "myPinterest_likes_pin_id_15aee8bc_fk_myPinterest_pin_id" FOREIGN KEY (pin_id) REFERENCES public."myPinterest_pin"(id) DEFERRABLE INITIALLY DEFERRED;


--
-- Name: myPinterest_likes myPinterest_likes_user_id_99d68f9a_fk_auth_user_id; Type: FK CONSTRAINT; Schema: public; Owner: pinterest
--

ALTER TABLE ONLY public."myPinterest_likes"
    ADD CONSTRAINT "myPinterest_likes_user_id_99d68f9a_fk_auth_user_id" FOREIGN KEY (user_id) REFERENCES public.auth_user(id) DEFERRABLE INITIALLY DEFERRED;


--
-- Name: myPinterest_pin myPinterest_pin_uploaded_by_id_ebfc96f7_fk_auth_user_id; Type: FK CONSTRAINT; Schema: public; Owner: pinterest
--

ALTER TABLE ONLY public."myPinterest_pin"
    ADD CONSTRAINT "myPinterest_pin_uploaded_by_id_ebfc96f7_fk_auth_user_id" FOREIGN KEY (uploaded_by_id) REFERENCES public.auth_user(id) DEFERRABLE INITIALLY DEFERRED;


--
-- Name: myPinterest_savedpin myPinterest_savedpin_pin_id_15f82057_fk_myPinterest_pin_id; Type: FK CONSTRAINT; Schema: public; Owner: pinterest
--

ALTER TABLE ONLY public."myPinterest_savedpin"
    ADD CONSTRAINT "myPinterest_savedpin_pin_id_15f82057_fk_myPinterest_pin_id" FOREIGN KEY (pin_id) REFERENCES public."myPinterest_pin"(id) DEFERRABLE INITIALLY DEFERRED;


--
-- Name: myPinterest_savedpin myPinterest_savedpin_user_id_09655551_fk_auth_user_id; Type: FK CONSTRAINT; Schema: public; Owner: pinterest
--

ALTER TABLE ONLY public."myPinterest_savedpin"
    ADD CONSTRAINT "myPinterest_savedpin_user_id_09655551_fk_auth_user_id" FOREIGN KEY (user_id) REFERENCES public.auth_user(id) DEFERRABLE INITIALLY DEFERRED;


--
-- PostgreSQL database dump complete
--

